후보지,연결개수,최소거리
홍릉,647,514955.1203
보림,554,408208.7396
선농단,471,261107.0021
반딧불,370,450001.0768
이태원어린이놀이터,369,324258.2020
명륜공원,358,779398.9491
흥인지문공원,295,597741.8227
정릉천변 마을마당,292,230127.7232
돌마루,263,1010939.5690
도시공원,257,141872.8950
용답휴식,256,138719.7061
까  치,255,661050.3071
한 빛,249,909906.7995
독서당공원,244,538959.1844
서마장,238,482254.4006
주민센터,237,1309638.8280
오거리,236,475078.6255
장미,230,1346828.1360
와룡공원,218,767470.1539
사근,214,34278.1768
무궁화,212,395393.3583
남부,210,756927.0340
중곡공원,210,1067339.7540
이문체육문화센터,203,335698.8704
청 암,202,1335670.2580
신일어린이공원,200,1785097.7060
샛별,199,1045785.0950
송학,199,1047332.9120
본  동,198,1576217.5120
탑골공원,197,1035739.6320
답십리,195,535675.8818
메낙골근린공원,194,1864473.5130
남  촌,193,1093467.6080
꽃사슴,192,1756347.7920
쉼터,191,694201.8185
장  미,190,385467.2543
범바위,190,1093452.7260
한마음공원,188,372152.3203
무지개,187,880582.8300
무너미,186,500165.3106
노량진,185,403962.0231
청량,181,302476.2559
영등포근린공원,181,537777.5120
희망어린이공원,179,133739.9218
으 뜸,178,377066.1545
고추말어린이공원,176,375830.1711
돈암1동 마을마당,176,591719.8499
쌍문1동,173,611670.6731
긴고랑공원,172,713793.3751
솔길어린이공원,172,899373.2667
북아현 야외운동시설,170,360592.2311
미래,170,402011.0128
개나리,170,723335.0581
후암어린이공원,169,146086.5046
묵정공원,168,537985.2728
서계가로어린이공원,166,628988.9102
도선,165,334586.9357
해태,161,231739.6767
응달마을,161,441230.9333
해맞이약수터,160,703311.6337
소 귀,159,1087766.3010
다산공원,158,538846.9511
쌍림공원,157,1429222.8110
해오름공원,156,111923.6387
솔 샘,156,268868.1406
배  꽃,156,360478.8561
빨래골,156,639080.4503
원서공원,156,827964.0715
환경어린이공원,154,1266852.2430
등나무,154,1891572.2390
보등골,153,483625.6038
강북6구역,153,1347443.2420
한울,152,827995.1314
희망,151,966779.5778
능동소공원,150,920897.0876
천장,149,360491.5123
동묘공원,148,1004075.9420
중화리,147,480948.9898
초  롱,146,233991.7041
새숲,146,850329.8977
새들,144,238527.2144
삼각산문화예술회관수영장(구.강북구민회관수영장),143,680159.4918
장위2동 감나무쉼터,143,872460.6191
수유일공원,140,1182281.2080
사우촌,139,328364.7832
궁뜰어린이공원,139,620019.4821
옹달샘,139,1079159.5360
꿈나라,139,1442698.9300
영도,138,166015.9610
윗잔다리어린이공원,135,268895.8184
정릉4동 마을마당,135,277192.7807
불암산공원,134,840937.9687
봉  황,134,1439752.7350
(가칭)신길11재정비촉진구역 소공원,134,2092938.9660
중앙배드미턴장,133,397541.2506
안골,133,522502.2505
매화,133,575715.4168
장위2동 어울쉼터,133,991802.2083
양남어린이공원,132,310518.6530
개웅산근린공원,131,557652.4073
풍납타이어,131,1256991.4260
중랑문화체육관,130,524755.1744
중앙어린이공원,130,1241809.9130
푸 른,127,452130.8439
우산각,127,822626.1465
골말,127,1526882.0920
돌모루어린이공원,127,2151527.4950
은천,127,2326060.4220
이태원마을숲,125,1084988.4470
홍제교 좌안 상류 간이운동장,124,400507.6074
산성어린이공원,124,470895.5457
샛  별,124,1885434.0980
연지1공원,123,986392.7395
성화공원,123,1435576.2570
당산근린공원,123,2925243.0790
황학공원,122,273053.7377
까치,122,437780.3615
충효,122,621987.3069
새나라어린이공원,122,822797.4354
양산,122,1131748.8090
공덕동 체육시설,121,489472.0824
장안,121,1829050.5430
삼청공원,120,428458.0630
충현공원,120,918564.6489
저동1공원,119,1021564.3600
새꿈어린이공원,119,1255985.6280
동교어린이공원,118,407282.2427
청명,117,446481.5363
오성,116,829261.6601
사직공원,116,1969938.7740
참새,115,582523.3472
숭인공원,115,2693907.1150
애경어린이공원,114,236178.9993
목화,114,1038610.9950
느티나무어린이공원,114,1039287.8690
오 패,112,374761.4464
화원어린이공원,108,1672756.2720
염리치안센터 옆 쉼터,106,2512880.7780
조마,105,394422.6624
마장,105,1448830.2980
정릉3동 마을마당,105,2948616.4210
늘푸른어린이공원,103,2038723.0150
무궁화소공원,102,256764.7633
빙수골,102,524446.0484
배봉산,102,525033.5651
도리미 소공원,102,659222.9066
장충테니스장,102,996780.5698
아름다운소공원,102,1195097.9770
소월길어린이공원,101,1345872.1870
섬  들,101,1426180.0950
창천문화공원,100,528684.8025
동산,100,1383937.8460
중곡문화체육센터수영장,100,1487870.5960
한서마을마당,99,195530.5282
홍련산의,99,1010756.5300
안말공원,99,1102056.4100
행운동,97,911391.5660
군자공원,97,1296408.9890
샘  터,96,317812.9365
효창종합사회복지관체육관,96,499768.2454
한아름공원,96,947447.7494
은행,96,1146219.1740
가린열어린이공원,96,1512688.9180
구로동(다울)소공원,95,471416.8210
양  지,95,1623307.4240
은모루,94,209259.0350
오류동 소공원,94,445757.2213
북한산도시자연공원,94,663309.9849
햇  빛,94,667383.9562
화랑,94,983916.0246
논 골,94,1276032.0540
한마음어린이공원,94,2169350.9960
예촌,93,665034.7191
돌이음,93,1247991.3280
창신공원,93,1591995.5790
솔밭근린공원,92,240636.4102
꿈누리공원,92,835588.9395
상  리,92,1647419.5270
훈련원공원,91,653534.8463
샛 강,91,721874.9436
삼   선,91,847556.2655
남강,90,1244353.0860
해님공원,90,2393218.5770
새벽,89,1069456.8680
꽃동산,89,1584102.1050
은행나무어린이공원,89,1689227.9210
호박골,89,1751415.6750
새마을공원,89,1835369.1550
소  망,89,1990195.1830
이태원어린이공원,88,482209.5711
목련,88,987629.0299
새싹,88,1113625.5440
장미원,88,1538540.3090
묵동소공원,88,2241314.1050
동자어린이공원,87,1315927.4420
갈월종합사회복지관수영장,87,2347747.5700
흰구름,86,466809.3464
상  봉,86,619556.0564
신길근린공원,86,624340.8025
방  죽,86,1049907.1820
대림어린이공원,86,1716144.5680
노량진근린공원(대방)게이트볼장,86,1861115.5050
둔촌공원,86,3477498.8790
동   방,85,454361.3041
[28]오류역광장,85,458409.0643
미도,85,606486.3151
낙산배드민턴장,85,1530967.7810
봉산,85,1624802.4760
꿈동산,85,1651599.9000
홍은동어린이공원,85,1712168.8210
서소문제5지구공원,84,1233943.3840
종암5-1,84,1569202.9140
물빛공원,84,1995171.0440
갓바위,83,606574.2878
동대문구체육관,83,665402.5726
해오라기,83,961143.1953
배나무터공원,83,1280537.0870
면  목,83,2477220.7810
노고산공원,83,4382717.8890
장독골공원,82,468284.3885
잔월,82,1704984.7530
사  랑,82,2285573.3890
아름드리,82,2805794.3940
옹달샘어린이공원,81,337165.2476
인스빌2 소공원,81,681046.0582
배밭골,81,1576914.8500
성안공원,80,918460.7021
모래내,80,1746354.1170
다솜어린이공원,80,2053825.2860
양평어린이공원,80,2913620.8190
(가칭)신길7재정비촉진구역 소공원,79,525537.6879
두리어린이공원,79,962399.0024
게이트볼장,79,1762411.2390
청파어린이공원,78,207693.3700
태양,78,404002.0970
자양공원,78,764157.1382
목련공원,78,897104.1308
신계공원,78,1127687.6560
무궁화공원,78,1181534.3080
삼선,78,1239057.7530
가중나무공원,78,1625211.3640
원당샘공원,78,1896179.3200
궁말어린이공원,77,446658.9834
송정,77,760468.9616
서  래,77,783312.9750
동   산,76,337870.5255
트리마제,76,775636.1711
후창공원,76,868620.2174
연지공원,76,1984289.5940
장위3동 마을마당,76,2386593.0700
창덕공원,76,2625005.1600
서교어린이공원,75,215636.4272
현충,75,412141.4376
미 아,75,925957.6755
기차길옆소공원,75,1089597.1460
자마장공원,74,160226.6512
신사은행나무공원,74,607297.4100
청  두,74,691336.6829
마곡나루,74,1022615.9650
백련근린공원,74,1193162.5600
[17]대림역 하부,74,1290033.9420
당인동문화공원,73,126105.8394
복주산근린공원,73,655943.5710
노고산소공원,73,1291409.3930
천연 야외운동시설,72,1183881.0750
석계역 굴다리,72,3542618.4150
한  신,71,414026.6181
상원,71,794389.9050
봉림,71,1072149.5770
서교마을마당,71,1164376.1660
파밀리에 소공원,71,1288749.2840
보람,71,1645099.4910
샘 말,71,1682932.7810
홍제천2체육시설,71,1714505.9340
포수동어린이공원,71,1879367.6000
테두리,70,350429.2508
영등포스포츠클라이밍경기장,70,809259.3778
장 미,70,1080991.6190
연남어린이공원,70,1298298.4330
부장천,70,1433092.9970
갈 월,70,3565432.0800
홍제천1체육시설,70,4571622.7880
구룡,69,600032.8832
서울여성능력개발원수영장,69,1033146.1940
꿈빛,69,1591879.3470
새락골어린이공원,68,31236.2261
동구물어린이공원,68,800422.1309
구둘공원,68,955013.1051
수송공원,68,1803559.8250
금호,68,2076952.9790
겸  재,68,2275386.1660
개나리공원,68,3270223.0790
학다리,67,328502.4407
테스트100,67,717771.3008
별님,67,924508.0089
갈곡리어린이공원,67,979283.4073
아현 녹지,67,1287245.6680
이대녹지 쉼터,67,1912999.4370
햇  님,67,2349753.7750
포방교 상류 간이운동장,67,2980710.4500
금남,67,3244507.6440
해바라기,66,214122.1098
다람쥐어린이공원,66,364531.2336
삼각지어린이공원,66,866193.5586
신가어린이공원,66,1641893.9200
비둘기,65,189162.2214
신화,65,271202.2678
봉은역사공원,65,2098583.8190
금모래공원,65,2178174.8430
코오롱하늘채앞소공원,65,3347087.7930
논현무궁화공원,64,295847.7977
고척근린공원운동장,64,1242313.8390
소망,64,1466294.0980
안  골,64,1656665.3830
고암,64,4014580.7390
마로니에공원,64,4655770.4750
복사꽃어린이공원,63,966168.9307
동망봉,63,1103778.2960
샘터근린공원,63,1184819.8290
풍납1동 체육시설,63,1242173.9460
둥근달어린이공원,63,1721248.1690
천암공원,63,2183629.1580
독산동마을공원,63,2270048.9320
구로근린공원,63,3180124.5910
별장길,62,260488.3536
다사랑어린이공원,62,649192.8196
분토골어린이공원,62,749389.8561
남천,62,776978.2800
논현개나리공원,62,1064416.7470
(가칭)영등포1-4구역 역사공원,61,1385264.5320
역삼장미공원,61,1766491.5460
요  산소공원,61,3046304.5230
소  파,60,722792.7714
북가좌정원지구어린이공원,60,938640.1172
서강어린이공원,60,1022722.0680
국사봉,60,1879312.2750
꽃담길,60,2673788.7090
색동,60,2728691.2630
22호근린공원,59,18279.8842
[18]구로디지털단지역 하부,59,348162.5039
쌈지,59,375219.3263
송  계,59,1285384.1950
희 망,59,2008920.3200
효창어린이공원,58,822210.3902
새재미,58,843480.9302
살구골,58,1164199.6490
자치회관별관,58,1378492.2280
까치산근린공원,58,2105465.6980
새장터공원,58,2530433.3290
달님공원,58,2789915.1320
미성체육관,58,3785266.8640
천일골목공원,57,150992.1781
대조어린이공원,57,258458.9217
부암동청사주변체육시설,57,728537.7796
햇  살,57,1136327.5570
연서어린이공원,57,1774133.8190
노 해,57,1851681.3150
외주목어린이공원,57,1883077.4580
당말공원,57,2481694.1240
천사공원,56,506082.4176
오동근린공원실내배드민턴장,56,568886.6406
해 태,56,596919.5248
무학봉,56,731291.8809
백석,56,1068067.5710
구로리어린이공원,56,1218764.0870
창천근린공원,56,1405229.5190
녹번서,56,1550046.8030
수명산,56,2037559.1330
난곡,55,123441.6267
응암9구역소공원,55,295315.5147
부암튼튼공원,55,1146090.5690
망우동,55,1272135.9890
세  화,55,1415589.5280
물방울어린이공원,54,797437.1451
한강로가로공원,54,1166764.4660
꿩고개,54,1262585.5420
신  현,54,1925787.0930
효창근린공원,54,2030224.4070
개운산근린공원,53,525591.1925
미림,53,1162943.3630
교체,53,1272281.7820
외국인묘지공원,53,1765329.3540
까치산,53,1782089.3930
영일어린이공원,53,1868156.4950
거여6(거마재정비),53,2800193.5250
능안,53,2986901.2100
다람쥐,52,1012268.9160
폭포,52,1024577.7650
미아도심소,52,1115426.9500
풍납,52,1450848.7010
먹  골,52,1541780.9970
상산,52,1688573.0340
구  산,52,2072406.1790
용마,52,2325039.5790
천일공원,52,2351161.4150
백련어린이공원,52,3076232.5870
선린공원,52,3297505.1750
의주공원,52,3312757.3310
운 산,51,106097.7448
까망돌,51,598506.0959
북악산도시자연공원,51,615312.2825
낙산공원,51,909982.8836
한  수,51,985162.9630
쌍문1구역 소공원,51,1002032.4030
숭인,51,1800712.2860
봉화산근린공원,51,2091283.5760
신우어린이공원,51,2524902.0170
세 일,51,2725198.8550
햇   살,51,4653777.4470
아현역소공원,51,5694699.7600
테크노근린공원,50,610032.2200
꽃동네,50,933740.8270
늘푸른공원,49,335542.0315
홍제 3교 좌안 하류 간이운동장,49,346735.5306
공덕역어린이공원,49,916920.2284
명동문화공원,49,1041984.1720
학동근린공원,49,1070423.8870
언덕배기공원,49,1101824.0390
홍익문화공원,49,1366687.3870
성북종합레포츠타운수영장,49,1619496.4270
양마장공원,48,275964.1096
동방,48,292651.2509
당곡,48,384872.5344
오얏골,48,544355.9138
양화어린이공원,48,627064.1150
청룡공원,48,779312.8831
발음,48,1133489.8060
양지,48,1453524.0570
번 남,48,2182171.3510
명성공원,47,325847.7829
해님,47,523510.3385
별장길어린이공원,47,749985.3190
청두공원,47,866210.1431
증산3교 좌안 간이운동장,47,1043811.1200
초안산근린공원,47,1126798.5240
중마루근린공원,47,1634130.6780
섬굴,47,1647920.0110
증산생활체육광장,47,1732938.0160
서갈현어린이공원,47,1846051.2870
개웅어린이공원,47,2717178.2170
정말공원,47,2983101.4490
한전변전소 자투리땅 휴게공원,46,613114.3259
능말공원,46,680084.1809
한사랑,46,747539.2818
기 자 촌,46,843719.7349
볕우물공원,46,845111.3479
아랫바람,46,899977.0378
꿈돌이,46,904921.0309
개포은행나무공원,46,1336065.4990
거여3(거마재정비),46,1350732.2490
벼루,46,1584130.4340
인스빌1 소공원,46,1674889.7280
창고개,46,1758814.2320
서교 걷고 싶은거리쉼터,46,2084851.4720
아차산배수지체육공원(다목적구장-족구),46,2619352.5610
효령,45,349369.4206
성원,45,580272.1392
미나리,45,1063691.9970
선릉 스포플렉스(421),45,1135416.0620
잔다리어린이공원,45,1136165.5750
푸른동산공원,45,1317964.0900
난우,45,1389068.9980
참다래어린이공원,45,1627551.6150
달마을,45,1750837.1360
창3 마을공원,45,1859577.0460
홍연어린이공원,45,2114520.1660
까막골,45,2993762.9250
온수도시자연공원,45,3603499.9460
옥계,45,3642048.8300
백련교 우안 상류 간이운동장,45,3849815.2980
내수어울공원,44,505180.6589
망원어린이공원,44,662280.4390
국회단지,44,911136.9348
영천동 야외운동시설,44,1091936.9730
향   기,44,1124585.9030
경복아파트 소공원,44,1282986.2610
복자기소공원,44,1587564.2790
행당4구역,44,3611163.3290
열림,43,1129130.9260
동부,43,1331769.0690
대현문화공원,43,1469545.0940
공덕소공원,43,1638730.8110
청룡,43,1761656.7050
방학1동,43,1885407.4630
종암2동 마을마당,43,2245841.4120
맑은소리,43,2460860.1250
구현대아파트 뒤,42,246929.5148
정릉동,42,429435.6371
새말,42,492747.3231
무쇠막소공원,42,536851.9735
꿈마을어린이공원,42,629728.2073
이  화,42,954100.4100
충현2,42,1178566.9190
상계 3,42,1286415.6580
칸나,42,1409626.4190
자양어린이공원,42,1423993.9700
역삼문화공원,42,1946345.8760
성산공원,42,2041617.7990
화랑공원,42,2206120.0920
백  련,42,2358573.3520
체육공원,42,2509004.2850
장군봉체육관,42,4402912.0520
서달,42,4693294.0540
은가어린이공원,41,147442.1906
희망공원,41,258194.6967
불광위령탑마을마당,41,341684.6527
반수,41,416996.0325
중동어린이공원,41,478732.3348
동산공원,41,784047.4946
진달래,41,815005.7316
비안,41,878412.0266
개나리어린이공원,41,1159998.8050
광진공원,41,2032221.5330
지봉골공원,41,3587298.4130
코스모스,41,3853176.5100
사 슴,40,282217.6078
길마어린이공원,40,637681.1631
두암어린이공원,40,654030.9512
방배2동주민센터,40,1370959.2120
금옥,40,1560819.7850
월계 현대아파트앞,40,1778570.9060
방배4동주민센터,40,2068480.1980
농구장(오류고가하부),40,2411849.0540
푸른골,40,3250557.6430
삼전,39,294966.2256
봉천,39,338790.2857
제각말문화공원 (은평뉴타운제2호 문화공원),39,547078.6610
역말어린이공원,39,606662.1356
남문,39,1099420.0820
꿈나무,39,1179501.6170
보람공원,39,1243916.3890
은하수,39,1272239.9240
대흥소공원,39,1713300.3280
왕십리 KCC스위첸,39,1796049.2820
새말소공원,39,1958659.6990
공항해태,39,2058852.8600
노루,39,2087056.2570
응봉공원,39,2155191.8490
상계 1,39,2215904.5450
온수어린이공원,39,2416092.8880
해담는어린이공원,39,2433229.5850
문래근린공원,39,2464370.9430
언구비공원,39,2786461.5070
오동,39,3274329.4020
배꽃근린공원,38,571056.2965
흑석,38,849289.7164
제비,38,976995.0839
응봉(한마음) 배드민턴장,38,1144407.1370
동마장,38,1336746.5220
연가교 우안 상류 간이운동장,38,1515884.6070
역삼은행나무공원,38,1711811.2180
갈대밭어린이공원,38,2085889.0200
향림,38,2245205.6200
합실,38,2257197.8620
도원어린이공원,38,2274907.0590
대치목련공원,38,2401615.3240
가좌어린이공원,38,2564947.8580
연신어린이공원,37,596956.9271
간촌 인근,37,1042649.2340
연신초교옆마을마당,37,1591429.0480
동호수,37,1772294.5550
새싹어린이공원,37,1930670.9850
후암약수터,37,2188453.3800
연남동 체육시설,37,2542954.7590
노고산동 체육시설,37,2776504.4170
공항동문화체육센터수영장,37,2802495.6940
솔숲,37,3836800.0240
모아래마을마당,36,742331.2125
신  사,36,869015.5407
성심공원,36,1172727.6290
성북역,36,1187386.7450
개  미,36,1526326.1360
산새,36,1546436.2840
광성고 옆 쉼터,36,1810317.3550
청담목련공원,36,1914881.0830
견우,36,1936809.2290
열  매,36,1964538.5790
청담은행나무공원,36,2102901.8950
바람산어린이공원,36,2356364.0860
오류동역문화공원,36,2913137.2240
독산동다목적광장,36,3189772.0230
목동,36,4054277.0020
계남근린공원,36,5472334.5480
구암공원,35,324900.1648
애오개어린이공원,35,434269.3801
학동공원,35,673613.4740
하늘소공원,35,1015379.4010
가람어린이공원,35,1044459.5970
청담근린공원,35,1566321.7750
달동산,35,1605863.5130
원촌,35,1688386.5260
오류고가하 부게이트볼장,35,2067874.3730
동자공원,35,2603512.3000
서 원,35,2830942.8810
역삼청소년수련관수영장,35,4266920.5650
나루공원,34,375405.9488
도산근린공원,34,550897.9833
도란도란,34,752563.0425
쑥고개,34,790917.5327
나말,34,805775.6842
신림체육센터,34,1099574.2800
이태원부군당,34,1149769.5750
말뫼마을마당,34,1404719.5000
새록어린이공원,34,1589780.5560
세모꼴공원,34,1897627.5960
삼각어린이공원,34,2055976.5170
수른어린이공원,34,2072987.5270
신세계,34,2403290.8360
원당,34,2510529.9110
대궐재어린이공원,34,2568884.9880
햇살,34,2726400.5930
뉴타운2구역,34,3258189.2180
신월2동소공원,34,3644617.4070
와우어린이공원,34,3896535.1130
수락산공원,33,103916.3619
느티나무,33,150333.1820
월암공원,33,257753.1379
나비울어린이공원,33,302880.6564
충현1,33,986093.8107
쌍문근린공원,33,1007969.4470
뉴타운1구역,33,1342204.4470
성내천공원,33,1352254.6990
능골,33,1368464.9810
암사공원,33,1804444.8050
화양공원,33,2195209.9740
거 북 골,33,3187415.8030
길음2구역,33,3190286.0410
연희푸르지오어린이공원,33,3224651.8840
성내공원,33,3544136.6160
홍제근린공원,33,4434285.9390
아름,32,270477.3214
대흥동 쉼터,32,382171.3208
늘봄,32,556318.1252
종달새,32,577689.7963
도덕,32,583013.9373
좌월어린이공원,32,604071.1605
삼성산시민휴식공원,32,782947.9866
초롱,32,1161625.6940
논현소나무공원,32,1244510.3510
한라,32,1333334.7040
백연,32,1671269.1010
방배3차e편한세상,32,1735429.6660
한강대로공원,32,1747277.8680
능동정자마당공원,32,1756249.6630
와산교 좌안 하류 간이운동장,32,1796724.4640
흐리목,32,1809572.9570
송파1동 체육시설,32,1997821.2310
면목2동체육관,32,2416732.4100
용왕산,32,2515489.9070
[11]고척교 하부(고척돔구장 앞),32,2738081.8330
옥정,32,2777580.1690
팜스퀘어 소공원,32,3240671.1550
혜림공원,32,3403262.3390
못자리골,32,5111144.2150
고분다리공원,31,185422.0745
성메어린이공원,31,367595.5036
신창어린이공원,31,458072.1883
명우공원,31,633922.6222
현대아파트,31,680853.5313
뒷 말,31,788022.6374
(가칭)신길5구역어린이공원,31,1265094.2310
중랑천 서원A 105동 밑,31,1300011.1080
새  싹,31,1348793.6800
우이천 수유교밑 분수대옆,31,1375210.8690
오금어린이공원,31,1518820.8420
삼밭나루,31,2144331.9570
묵1동소공원,31,2192522.7710
마장테니스장,31,2455968.8010
만리배수지 게이트볼장,31,2777665.3550
청수근린공원,31,2989214.6970
정목,31,3275686.5010
등마루,31,3441500.4510
학봉근린공원,30,574532.5970
금암문화공원 (은평뉴타운제1호문화공원),30,592175.5847
원암유치원,30,713209.3036
뒷벌공원,30,921450.4471
신흥,30,1307881.4310
시내어린이공원,30,1441506.2200
당  현,30,1697273.0700
노유산공원,30,1802864.9620
효창공원,30,2187035.8080
양재공원,30,2288805.0650
서울여성능력개발원체육관,30,2706125.6080
경인,30,2801626.8610
남서울,30,2925978.3920
신용산가로공원,29,383848.6563
논현목련공원,29,666924.2456
무수어린이공원,29,946027.6375
경학공원,29,1076663.5350
자매근린공원,29,1185308.0430
아랫말,29,1595763.2380
불암소공원,29,1690799.7160
샘말공원,29,1725921.8310
가꿀공원,29,1954252.0230
남태령공원,29,2157038.2160
오봉산,29,2182483.2580
두산마을마당,29,2349557.5180
잔버들,29,2583087.2230
맑은숲,29,2777252.4470
벽오산,29,3469732.1750
바탕골,29,3478946.3270
상계2동 마을숲,29,3536202.7520
삼육,29,3961011.5930
훙이,29,4240942.3440
흑석동주민센터,29,6332710.3370
전관원,28,306656.5987
게내공원,28,369205.9571
솔뫼,28,741727.8811
무수골 소공원,28,1186709.8690
대치은행나무공원,28,1344596.7430
방잇골,28,1372541.9780
온수근린공원,28,1712687.3130
만리재소공원,28,2030624.5050
불암산종합스타디움야구장,28,2257890.5590
생잇들어린이공원,28,2642416.6610
남성,28,2743945.3480
청  룡,28,3010406.5940
사육신,28,3246733.5420
향기,28,5075246.2850
강마을어린이공원,28,5822900.0400
푸른,27,508285.9794
학마을,27,617381.8958
신  중,27,711602.9762
반곡,27,778600.7769
새마을,27,856552.1248
쌈지마당,27,873443.3469
성삼,27,1239447.6900
묵  동,27,1383915.1560
뚝섬서울숲테니스장,27,1691687.7600
석촌,27,1757959.7560
역삼무궁화공원,27,1798237.7000
50+남부캠퍼스수영장,27,1808562.3920
한남공원,27,1857282.4220
벼  루,27,1895774.8030
역삼동개나리6차아파트 소공원,27,2019422.3460
쌍림동공원,27,2179452.5610
양  재,27,2207132.0040
마천,27,2783635.3910
대무,27,2837530.7730
당산역 소공원,27,2857642.7900
서을교대e편한세상,27,2935248.4840
도화동 체육시설,27,3087948.7870
개봉소공원,27,3464921.0330
돌마리,27,3634954.5690
역말,27,3656723.1740
평화공원,27,4273588.0220
갈대밭,27,4527369.3860
배미골,27,4738295.2550
문배어린이공원,27,4783226.4410
본동,26,375110.8463
더부리,26,440177.5392
철쭉,26,491557.3115
돌무데기,26,697097.1352
삼성체육공원,26,770048.0752
생잇들,26,1017220.7090
문성,26,1249858.7910
원지어린이공원,26,1417257.6590
응암어린이공원,26,1674289.9690
[05]오금교 하부,26,1714583.9010
아현초록소공원,26,1770966.6220
미 화,26,1913527.9110
가야금,26,2229869.2490
불천어린이공원,26,2284687.0260
꿈에그린어린이공원,26,2529043.7990
장미공원,26,2670634.8470
백제초기적석총,26,3127242.4170
신대,26,3184610.0650
강변오솔길,26,4311305.8780
긴등,25,386203.7855
뽕밭,25,1276395.9640
창2 마을공원,25,1562893.6370
망원새싹어린이공원,25,1596098.6620
수정,25,1616428.0420
오동나무어린이공원,25,2148651.9090
정훈,25,2302347.3990
도원극장옆마을마당,25,2439803.3520
선사공원,25,2533080.4780
소방파출소,25,2905364.6360
두산,25,4261070.8650
관동어린이공원,25,4950473.9730
연주대,24,235474.7634
아남,24,306384.8916
효심,24,709186.4609
법원밑쉼터,24,993710.7143
내곡동체육시설,24,1018811.5100
양화진역사공원,24,1069173.7980
나비,24,1246634.8720
애오개쉼터(아현제1녹지),24,1258308.0550
동화공원,24,1298270.8770
원  묵,24,1357058.8490
휴암어린이공원,24,1365753.9940
꾸러기,24,1380174.4270
호돌이,24,1703805.0910
갈  울,24,1710900.6980
진관생활체육광장,24,2468839.2520
[27]고척동 삼환로즈빌 앞 보도,24,2474484.7670
참샘골공원,24,2851650.8390
별  빛,24,3648673.2620
곰말,24,3702375.3700
송록어린이공원,24,3903265.1310
금동,24,5106570.5000
응삼,24,6592790.1300
응암3재건축구역내 어린이공원,24,7350894.6310
미성,23,69742.3094
방화9단지,23,162487.7990
문래소공원,23,337057.9157
응암4동어린이공원,23,443894.3210
마곡하늬,23,669649.2624
방배브라운스톤,23,874324.7293
신사목련공원,23,941615.7298
마포어린이공원,23,963980.7089
너른바위어린이공원,23,1065054.9230
신사무궁화공원,23,1129233.3720
대흥어린이공원,23,1257728.3780
홍남어린이공원,23,1303327.9840
소나무,23,1424246.5460
이음소공원,23,1586913.8630
하마터,23,1941779.3190
삼호아파트,23,2247276.9500
온달공원,23,2374863.3700
서울북부지방검찰청주변녹지,23,2424361.1070
거꾸로어린이공원,23,2438444.5130
응봉개나리,23,2733518.0240
신록어린이공원,23,3244492.8090
새동네,23,5833142.6000
은행정,23,6966307.9460
용강소공원,22,464047.7824
봉선화,22,1152572.4960
해태어린이공원,22,1184376.5780
용산문화체육센터,22,1327770.2860
소막골어린이공원,22,1355818.5160
논현까치공원,22,1544376.9050
불  광,22,1672310.1660
능골어린이공원,22,1804434.2190
궁동종합사회복지관수영장,22,2171527.0190
사도감공원,22,2197291.0910
신사근린공원,22,2220115.7570
진주,22,2414357.5390
평창공원,22,2887004.9760
남가좌동소공원,22,2903681.6000
투구봉,22,3692456.1440
명수어린이공원,21,140924.4672
손기정체육공원인조잔디축구장,21,652052.1538
한빛미디어파크,21,736364.6735
개미,21,898817.1069
종암6구역,21,1135248.5870
쌍문 근린공원,21,1264942.0260
삼학사,21,1296401.9380
큰길어린이공원,21,1565005.6740
봉우리,21,1590523.9810
싸리재공원,21,1769555.2750
봉은공원,21,1869982.4990
꽃피울,21,1896299.4190
방  현,21,2031101.1100
대성디큐브시티문화공원,21,2183511.5530
삼성까치공원,21,2290153.1860
한두,21,2373037.3680
신오,21,2455681.2790
해당화,21,2683299.8950
방현공원,21,2759585.8440
꿈나래,21,2844227.8300
궁현공원,21,3076441.0550
경찰기념공원,21,3632634.9630
노량진근린공원(고구동산)농구장,21,3936222.6280
SK뷰,21,4332977.6320
성수,21,4672276.7510
목마근린공원,21,5019052.8170
서대문돌산인조잔디구장,21,6591532.3210
청진공원,20,117523.2342
금천폭포공원,20,322604.4248
장안공원,20,552942.2074
북아현어린이공원,20,877631.8256
어사,20,878136.4523
롯데캐슬헤론,20,1190166.8720
인헌,20,1382990.2610
신흥어린이공원,20,1860972.0400
자양유수지 산책로,20,1951624.6900
삼성목련공원,20,1983818.4010
논골새싹,20,2057888.0000
서초1동주민센터,20,2063878.3900
구산마을마당,20,2071571.3520
송파,20,2228185.0550
새나라,20,2243653.7580
언주근린공원,20,2328975.8500
역촌동소공원,20,2480414.5730
한아름,20,2604236.1310
하명달,20,2723946.4850
신창동어린이공원,20,2930616.6040
돌다리,20,3150892.1490
초록,20,3437406.1490
모세미,20,3624411.2490
솔향기,20,4201188.8090
[23]개봉교하부,20,4275042.2780
중동소어린이공원,20,4537808.0960
역삼공원,20,4578880.9480
비계,20,6028151.2590
현화소공원,20,7033242.0090
경남아너스빌 쉼터,19,29774.5705
말우물공원,19,595158.9387
세곡공원,19,918890.5141
별님공원,19,1089414.4860
음골,19,1298697.8760
신도,19,1305001.6270
일자산공원,19,1441102.6060
강북구민운동장,19,1535348.5620
윗바람,19,1700812.8540
달빛,19,1882608.2390
만리2구역2공원,19,1946121.0470
곰돌이,19,2018242.1960
홍제3교 좌안 상류 간이운동장,19,2221571.4350
구산동마을공원,19,2506927.2420
다솜소공원,19,2528917.7840
평강공원,19,2795512.3940
무학봉공원,19,2852971.5600
메아리,19,3037958.0110
뒷  벌,19,3081147.3950
진  관,19,3215185.0490
감나무골공원,19,3350275.3650
싸리고개마을마당,19,3838939.4720
모랫말,19,3910121.3520
망우저류조공원,19,4043787.2050
역삼개나리공원,19,4088458.5740
곰달래,19,4319827.9210
청계꿈나무,19,4572631.1060
평창동2운동장,19,4768719.2390
오금교하부 인라인스케이트장,19,6066789.5070
영풍,18,196766.4373
돌무데기놀이터,18,328304.8492
창5동 마을마당,18,428426.0582
돌   뫼,18,460074.7959
쌍문2동,18,739046.4678
노을,18,804410.5711
방배1동주민센터,18,1002345.8530
공  작,18,1239330.4510
임금샘,18,1284615.4090
본마을공원,18,1312054.0470
광흥창어린이공원,18,1428327.9660
염주골공원,18,1487071.3220
구름,18,1539338.6230
동심어린이공원,18,1546957.9250
[15]도림천 농구장 제방위,18,1557685.5100
옛시장,18,1563149.6740
새누리어린이공원,18,2176543.0020
동작구민체육센터수영장,18,2530679.8200
화곡3주구2,18,2546032.2050
신정,18,2603278.9070
서광,18,2640395.9700
노원골 만남의광장,18,2657269.8370
순복음 목재소,18,2694326.1990
무수울 소공원,18,2733602.2280
연지,18,2968231.5760
신 창,18,3227357.9640
장군봉,18,3447956.2070
대청근린공원,18,3471359.8220
도화소어린이공원,18,3596185.3650
송죽,18,3651476.7640
자투리(녹번)마을마당,18,3873574.6820
공릉 2,18,3875050.8430
미리내,18,3876225.7550
세양,18,5149791.2490
기와터공원,18,5241611.9460
북악산,18,5982665.0040
응암3동마을마당,17,558526.7794
상림,17,609176.3100
코오롱오투빌3차,17,761665.7605
광나루공원,17,871224.2976
새뚝,17,910163.4278
구룡공원,17,960818.3895
순화문화공원,17,963166.8342
원지,17,1113003.5280
아래반고개공원,17,1154278.8080
가양동신대아,17,1184757.3560
씨  알,17,1282624.0050
삼성은행나무근린공원,17,1330455.7210
미  도,17,1347325.9780
개포까치공원,17,1434332.7520
박석어린이공원,17,1435281.9380
역촌2동마을마당,17,1558079.7400
느티,17,1561155.6380
궁동근린공원,17,1877221.2270
복숭아,17,2287829.1900
부렴,17,2353445.6570
중대,17,2606435.2400
매  봉,17,2633891.1970
오동근린공원,17,2654222.2420
약초원공원,17,2671672.9700
구민생활체육관,17,2727833.5740
다솔,17,2778874.0840
송록,17,2878373.4820
현석어린이공원,17,2915627.2220
망원1동 체육시설,17,2978602.9850
봉제산,17,3059945.9030
방배브라운가,17,3309633.1580
삼밭,17,3534603.8390
한샘,17,3569827.9660
솔밭,17,3613467.3840
무 수,17,3849961.3100
서초자이,17,4539378.2970
늘푸른,17,4963780.1280
[07]안양천 제방(오금교~신정교),17,5397617.6860
배밭,17,5743710.5320
싸리고개근린공원,17,7263380.7290
벌말,16,335857.2638
천호삼거리공원,16,527558.8730
약수,16,532408.9476
솔밭어린이공원,16,888190.3657
창전동마을마당,16,962452.8414
청계숲,16,1081991.1620
삭새어린이공원,16,1140619.8520
사슴어린이공원,16,1147103.2000
글샘작은,16,1225829.4850
상명달공원,16,1289797.6560
[29]궁동 조광빌라 뒤,16,1427463.6160
금나래중앙,16,1480039.9270
샛별공원,16,1786563.9040
오동나무,16,1852180.5720
창전어린이공원,16,1854247.9140
효창운동장,16,2015114.3380
다운,16,2205938.6570
요셉의집앞,16,2397881.6990
큰바위,16,2424788.6840
대조마을마당,16,2495174.2300
한글,16,2614365.1860
두레어린이공원,16,2741394.0220
연천초교앞마을마당,16,2765928.1600
고인돌,16,2854636.4400
소 망,16,3145242.7090
꿈나래공원,16,3209823.5680
방화신안네트빌,16,3958661.0140
꽃담 소공원,16,4358702.1450
중앙근린공원,16,4578389.7860
서대문체육회관체육관,16,4955504.4310
도레미,16,5076174.3090
ESA2차,16,5653688.6310
명주근린공원,16,7640897.7010
벌 말,15,119983.0907
평화,15,308151.6564
개포목련공원,15,450039.8475
뒤뜰어린이공원,15,529867.0759
푸른수목원,15,768870.4378
인왕공원,15,847742.9826
독립근린공원,15,937405.4205
쌍룡산공원,15,1164920.0950
화곡2주구1,15,1191344.6750
은행나무,15,1276650.7610
사도감,15,1373346.0280
새  말,15,1501948.9030
덕수공원,15,1519603.6810
싸리재,15,1520139.8710
방아다리공원,15,1540384.2920
방이동고분,15,1616268.7640
벌집,15,1642543.8110
월정,15,1752044.3450
박장,15,1756498.5280
천호큰골목공원,15,1790364.7410
서소문공원,15,1810393.7900
다래어린이공원,15,1866527.0000
도구머리,15,1878976.8680
큰별,15,1885833.6550
아래방죽마을공원,15,1937117.6720
염창한화꿈에그린,15,2058713.5030
옛동산,15,2168566.6030
새뜰근린공원,15,2253680.8490
원터,15,2415387.3200
하명달공원,15,2450560.5960
천상병공원,15,2764773.7440
비석공원,15,2793124.5170
문정,15,2816801.7110
연가교우안 하류하단 간이운동장,15,2837678.3980
벌 리,15,2900406.0040
(가칭)당산4구역 소공원,15,3500711.8050
북한산,15,4181751.7480
우장산롯데캐슬,15,4269852.0230
토끼,15,4279110.1260
윗샘공원,15,4364497.9780
도장골,15,4553555.9450
앵무새,15,4698744.7850
가곡,15,5112579.9280
포이근린공원,15,5438677.5370
보라매공원테니스장,15,6922117.4370
단풍소공원,14,69756.5078
나루터,14,309221.5486
신사개나리공원,14,481712.5514
한우물공원,14,685617.7007
세원,14,933797.6470
은행나무터,14,1554594.8750
상계5동 쌈지마당,14,1905318.6780
평화어린이공원,14,1924087.1480
대원,14,2079097.9020
모태,14,2149107.9870
오솔길,14,2150295.3830
신수어린이공원,14,2193212.0460
저동2공원,14,2228118.5840
주민소통공간,14,2487521.8000
쌍룡산어린이공원,14,2551454.5230
안  산,14,2599084.6150
도곡까치공원,14,2610545.2080
불광근린공원,14,2760855.4510
신월,14,3176586.4580
볏골,14,3384396.9080
가  꿀,14,3738894.5360
문화촌어린이공원,14,4406600.8310
샛터근린공원,14,4505141.3010
오목,14,4603262.9430
개웅소공원,14,4717964.4920
방화신동아,14,4975640.8720
내곡동주민센터,14,6150928.2250
경희궁공원,14,6182349.2010
광진구민체육센터,14,6844536.6880
연희어린이공원,13,793279.3454
오구,13,949176.9522
버들,13,1046696.3880
수변공원2호,13,1137233.3450
학 골,13,1226228.1940
이수,13,1245172.4300
몽촌,13,1355185.1790
서초3동주민센터,13,1400465.9060
잠실,13,1552452.1450
궁산,13,1661292.8250
아동,13,1676537.9860
성북,13,1754965.3080
물방울,13,1934371.1600
불광동마을마당,13,1964177.7030
관악제2구민운동장,13,2010919.1900
가락1(시영아파트),13,2174223.8130
공릉가로공원,13,2190795.0440
중랑천 창동교 밑,13,2297366.6860
두레,13,2311344.6050
필마,13,2407308.9810
방배래미안타워,13,2800652.7110
(가칭)모아미래도 소공원,13,3338640.1580
미화어린이공원,13,3588498.9370
양명,13,3611010.3420
애오개도담어린이공원,13,3891853.1560
개운산스포츠센터수영장,13,4152792.2130
남태령,13,4487375.5020
쌍둥이어린이공원,13,4700419.2710
국  화,13,4773653.4590
한양,13,5449100.9530
샛별어린이공원,13,5645849.0360
송림공원,12,507300.2124
상록,12,558588.3141
우이천 수유교밑(하천) 시설,12,756448.9434
도봉1동(1),12,994110.5539
문정동136 소공원,12,1247764.2300
샛팽이,12,1248079.9940
연화,12,1315948.9840
방학사계광장,12,1330785.0420
황실자이,12,1372362.4370
효봉,12,1763076.4520
성북 펜싱 체육관,12,1850892.1090
방아다리,12,1920966.7530
새말공원,12,2031078.5180
댓골마당,12,2085316.6540
안양천 파크골프장(우안),12,2091927.8250
방배e편한세상,12,2217549.2790
우남아파트 앞,12,2361277.3760
문화,12,2390060.8190
박미사랑,12,2395986.6340
두둑재공원,12,2447224.5530
강일공원,12,2604442.7530
팔각정,12,2769184.8700
도봉1동(2),12,2896697.9630
반월공원,12,3313711.7350
당골공원,12,3480455.5430
월계2동쌈지(신화연립),12,3572614.8760
당뒤,12,3869232.9250
새빛,12,3912930.9210
다동공원,12,4074661.1180
해담는 다리 좌안 간이운동장,12,4189652.8360
목동누리,12,4205128.5330
내수공원,12,4238285.4590
무악공원,12,4335640.6560
가온문화공원,12,4731954.3250
"우체국 옆(엠코, 태릉입구 5번 출구)",12,4807044.3850
세양청마루 옆,12,5987969.1330
삼성서초가든스위트,12,6608040.9530
중계본동 보호수 근처,12,6647586.9690
금천구민문화체육센터수영장,12,7861120.2610
영동3교_남단,11,144531.1687
근린공원1호,11,251236.8965
광명,11,896426.9001
성황당어린이공원,11,1071712.3470
도로개설잔여부 휴게공원,11,1315037.2250
인조유기비어린이공원,11,1439346.9070
양재2동주민센터,11,1441936.8430
새소리,11,1567877.4150
모랫재어린이공원,11,1598838.9080
샛 별,11,1619049.3640
비콘과대망사이,11,1744392.4250
길음골,11,1839723.1970
나  래,11,1887850.9370
우이천 번창교밑,11,2065231.3540
백합,11,2294378.2290
전주동,11,2441418.1380
새벗,11,2446425.3330
식유촌공원,11,2475454.8660
당산나루소공원,11,2731895.4020
활주로,11,2755056.6260
상계 5,11,2774707.7780
불암초,11,2807667.0610
군아파트,11,2867750.7290
구민테니스장,11,2957676.3650
너른골공원,11,2985833.7960
마  방,11,3139736.1700
토정어린이공원,11,3226800.4690
인왕산공원,11,3281769.4240
배다리,11,3474838.5270
합정어린이공원,11,3637664.1270
우장산 롯데 2차,11,3695390.9330
길음8-2,11,3968169.3110
배말공원,11,4111135.9400
방배3동주민센터,11,4248434.2790
소망어린이공원,11,4497157.4870
아현초등학교앞체육시설,11,4577801.5240
안산,11,4734274.0320
증산 2교 하류 간이운동장,11,6273070.5860
길음8-1,11,6780007.5790
한성어린이공원,11,10676944.1000
상명달,10,37924.8473
샛  말,10,622359.0629
신남동 테니스장,10,628328.8376
문현,10,659642.3798
석계역문화공원,10,753006.3512
봉산도시자연공원,10,866279.6811
목  련,10,898253.4516
안골공원,10,1126786.9510
방화동부센트레빌,10,1244767.1110
일원목련공원,10,1251535.8170
방학3동 가로공원,10,1303811.4060
증산2교 좌안상류 간이운동장,10,1767023.1210
능산공원,10,1868207.7790
안산골,10,1891455.7820
두둑재,10,2059114.4920
호연어린이공원,10,2165969.0000
대치까치공원,10,2249619.6080
거여,10,2291502.1860
갈산,10,2368819.2130
샘터구기장,10,2380073.9970
사슴,10,2591107.7060
DMC문화공원,10,2788685.8580
송파테니스장,10,3112947.3020
모래내어린이공원,10,3243120.0770
비석거리,10,3904182.8860
동빙고공원,10,4095408.7190
녹번동,10,4142236.7950
앞산,10,4266527.5220
망원유수지 위 체육시설,10,4385023.0960
서리풀e편항세상,10,4473778.9780
뜸부기,10,4941237.8720
월  계,10,4955886.8550
산사나무소공원,10,5179708.9610
오손길마을마당,10,5253770.5030
건너말,10,5298920.2230
도산공원,10,6063876.9850
홍제농구장,10,6453749.7650
불광3동마을숲마을마당,10,6978469.1750
무아래,10,7731132.1070
구의공원,10,10048193.8500
독립문어린이공원,10,10213329.0700
삼  들,9,117239.4187
연지소공원,9,150673.3731
돌샘,9,871317.0796
신곡,9,905452.6118
한천가로공원,9,1000623.1980
거여5(거마재정비),9,1085554.6020
초안산실내배드민턴장,9,1321816.3760
구의가로휴식공원,9,1596962.6950
사천교 우안 상류 간이운동장,9,1627985.1200
고인돌근린공원,9,1724864.3170
해밀,9,1762438.5060
[24]인라인스케이트장 우측,9,1875074.7700
솔바람,9,2093590.9190
창2동 마을마당,9,2310804.3360
햇빛,9,2582502.3750
절골어린이공원,9,2809846.4620
마고정,9,2829747.4960
방아다리2,9,2871811.8200
수서택지개발(광평부근),9,3025021.5920
새쟁이,9,3216446.9560
성사천어린이공원,9,3349260.6590
도구머리근린공원,9,3963276.6330
목감천 배드민턴장,9,4080463.9710
너른골,9,4173720.3860
동명공원,9,4220446.3330
당  골,9,4220920.2040
비  석,9,4273905.5720
서강나루문화공원,9,4330188.5890
푸르미,9,4557239.0820
신사마을마당,9,4839656.3840
염창금호타운,9,5101178.0380
만리2구역1공원,9,5204797.8830
우장산힐스테이트,9,5648786.1460
쉼표소공원,9,5782475.2360
화양동정자마당공원,9,5942576.0320
강변공원,9,6603064.9900
창동 공공공지,9,7370368.4940
방학동 공공공지,8,504786.4355
청송,8,540284.7743
개뜰공원,8,591706.4891
모슬,8,624480.4200
한솔근린공원,8,711434.0638
홍익,8,844758.0008
일원까치공원,8,961477.5688
홍제동,8,1044709.7410
대청공원,8,1219551.2970
항동생활체육관,8,1387793.3240
별빛누리,8,1423854.8070
잿말공원,8,1489841.2720
반달,8,1605302.7290
응봉근린공원한남구민테니스장,8,1641211.6350
창5동,8,1710816.5640
상록수,8,1733260.0040
샘터어린이공원,8,1861708.6300
가좌다목적구장,8,1875699.1860
[02]구일역 제방위(구일역 1번출구) 옆),8,2040543.0030
역마을어린이공원,8,2124663.7720
솔빛공원,8,2251619.7120
경남아파트,8,2533274.3230
강변복지공원,8,2678492.7800
서초트라펠리스,8,2679315.0190
상암곡어린이공원,8,2878106.9650
중앙화곡하이츠,8,3167616.2100
단지,8,3239148.6600
궁  현,8,3447443.0050
힐링숲,8,3514826.8860
교대공원,8,3724375.7310
서초4동주민센터,8,3796607.1850
방아다리1,8,4257640.2630
미륵공원,8,4481742.8710
구립테니스장,8,4527871.6110
불광3구역소공원,8,4815295.8160
네이처힐1단지,8,4868124.6830
햇불공원,8,4879378.9960
방 학,8,4931753.1720
방배아크로리버,8,5022887.3380
홍씨마을,8,5118703.6560
염창우성3차,8,5679639.7200
말죽거리공원배드민턴장(1),8,5947018.1250
바우뫼,8,6045116.2870
물빛문화공원,8,6141334.1870
새푸리공원,8,6642994.8580
오장골,8,6996214.4480
응암10재개발구역내 어린이공원,8,7350258.7250
구산동마을공원확대,7,184058.4889
백토,7,647161.1701
광진문화예술회관,7,829655.8477
대치공원,7,898832.6263
위례 근린공원1호,7,916954.0547
부엉이근린공원,7,1058969.7340
돌곶이,7,1131285.7660
신장,7,1277524.5470
청탑공원,7,1485505.6130
동대문구민체육센타,7,1494683.2690
창전동 보호수 정자마당,7,1516016.4970
청룡근린공원,7,1614799.4190
등촌,7,1672646.5310
신기,7,1904006.7030
성내천,7,1964114.6510
상계초,7,2041964.1530
분토골공원,7,2081786.3130
반달근린공원,7,2114469.4430
서대문구민체육회관골프연습장,7,2220947.4310
구로실내게이트볼장,7,2386520.5270
내곡동 46,7,2431926.0430
방학어린이공원,7,2471650.5340
신사2동마을마당,7,2634434.4460
화곡3주구1,7,2660025.9050
반포운동장체육센터,7,2676586.0860
다솜공원,7,2676699.8270
방배래미안아트힐,7,2920341.8290
마실길,7,3023682.6920
성형촌,7,3061277.3610
미래푸메,7,3285330.4430
동  덕,7,3357702.7200
동덕어린이공원,7,3527872.6100
신내공원,7,3550114.9530
새쟁이공원,7,3576397.6540
아시아,7,3829486.1280
바우뫼공원,7,4021539.3980
횃  불,7,4270596.9710
서초종합체육공원,7,4313709.6940
농구장(A구장),7,4315139.2150
상길례,7,4496661.8200
산철쭉,7,4627429.4410
종암5-2,7,4632840.5650
풍림,7,4648272.8620
방배본동주민센터,7,5087858.0710
향유(거마재정비),7,5196455.0250
용강나루소공원,7,5284754.0270
장평,7,5482500.6170
창 원,7,5612439.9600
등촌아이파크,7,5800414.2000
엄  지,7,5935962.8110
방학3동,7,6799842.0430
한울소공원,7,7020291.3010
꽃보라공원,7,7062502.3770
가락,7,7582231.2270
구산동청사앞소공원,7,9167568.9380
봉숭아,7,10322712.5700
청룡산체육관,6,395740.2093
밤골,6,803774.6279
방배배수지축구장,6,962476.5451
새동네어린이공원,6,1103820.8840
마곡수명산파크 7단지,6,1126804.9340
거북이소공원,6,1139697.9030
연천내,6,1211324.1800
저동공원,6,1227651.4650
금성윗들소공원,6,1231554.3770
상수쉼터,6,1241211.8080
웃말,6,1336007.4240
삼정배드민턴장,6,1363255.6700
갈현근린공원,6,1569126.2870
둥근달,6,1756116.6010
노량진근린공원 테니스장,6,1765205.3160
현대 초입,6,1861660.6240
녹번동마을마당,6,1925066.7380
산성미소지움 앞,6,1925821.3980
갈매기근린공원,6,2031762.1300
소라,6,2143405.4970
솔  밭,6,2213110.9890
응봉새말,6,2270279.0160
장  안,6,2534270.2280
고갯마루,6,2598605.4180
원터공원,6,2602918.8650
개웅산생활체육관,6,2693153.9150
수변공원1호,6,2777404.5340
까치산체육센터,6,2824162.7330
은곡마을공원,6,2935788.1390
꿀벌,6,3042181.5160
신정3동소공원,6,3351604.7670
안양천 족구장 D,6,3670247.5470
현대성우,6,3889864.1470
누 원,6,3936692.0170
풀잎,6,3945477.2320
정동공원,6,3954129.6500
탄천근린공원,6,4050705.5600
민들레,6,4082695.0570
내촌,6,4248446.4290
능안공원,6,4374406.9120
황학정,6,4691460.4210
돌뫼,6,5054955.5090
문정동136 어린이공원,6,5294756.6670
산장,6,5330131.4640
방죽,6,5455193.1820
구산초교앞마을마당,6,5458559.6540
성산마을마당,6,5577364.2830
방이,6,5601521.2690
네이처힐3단지,6,5731014.0050
소리,6,5878588.2770
무교1공원,6,5881384.8630
등촌주공 1단지,6,6023716.5160
부엉바위어린이공원,6,6052737.7160
새장골어린이공원,6,6347653.1720
삼일공원 청소년농구장,6,6398047.4480
주  흥,6,6711696.4230
방배근린공원,6,6772749.5330
문이,6,6785543.7640
비상공원,6,6791513.1690
금천체육공원,6,7148873.1610
장군봉근린공원,6,7532647.6550
잔  디,6,7538397.6090
양재근린공원축구장,6,8029509.3040
양지마을마당,6,8678113.2290
언남문화체육센터,6,8910301.6960
염창동아3차,5,164498.2317
한사랑2차삼성,5,214792.2556
미도공원,5,517221.6175
도레미어린이공원,5,666466.6808
서초2동주민센터,5,826831.2607
종암2동 녹지쉼터,5,961109.3540
홍제게이트볼장,5,1015924.9610
창3동 소공원,5,1125002.9590
고명공원,5,1140462.1140
물치어린이공원,5,1198806.6370
녹천역 앞 광장,5,1251660.4590
샛마을공원,5,1256556.0010
등산로,5,1316439.0730
방학3동 원당 마을마당,5,1325150.7090
광장동 실내배드민턴장,5,1680883.4760
계리공원,5,1779899.6610
역삼소나무공원,5,1908426.4220
염곡공원,5,1916658.2990
금실,5,2067360.2650
밤섬문화공원,5,2322252.3430
골목어린이공원,5,2555526.7550
신사공원,5,2555760.0640
남도,5,2669852.3550
도봉마루공원,5,2722644.2600
교  대,5,2780456.5750
산기슭공원,5,2851692.3320
광진문화예술회관수영장,5,2879858.7380
신림체육센터수영장,5,2891257.6990
신사2동 공공공지,5,2971258.0430
향나무,5,3082397.9170
들꽃,5,3094410.2820
풍납2동 체육시설,5,3130962.5760
강남스포츠문화센터골프연습장,5,3181573.7400
강신,5,3303193.7600
송파나루,5,3394319.3160
거여4(거마재정비),5,3399327.5390
거여2(거마재정비),5,3403312.1650
현대ESA,5,3417541.7350
금성윗들,5,3525796.9720
동개울,5,3631158.3480
용봉정,5,3633575.3710
대우효령,5,3923221.4140
[22]철산2교 좌측,5,3939097.9070
도봉2동,5,3956267.2800
녹번서근린공원,5,3963891.8180
달맞이,5,3969581.1850
뽕나무,5,3987062.3680
두산힐,5,4024831.2970
순화어린이공원,5,4052588.4020
예  술,5,4134648.9700
서울식물원,5,4316197.5900
가재울어린이공원,5,4338735.8960
창원어린이공원,5,4343743.9790
목련어린이공원,5,4431675.2800
문화소공원,5,4487378.9360
근린공원4호,5,4559009.7360
삿갓봉근린공원,5,4739325.9780
오금지구 근린공원,5,4878771.4200
상도근린공원,5,4928919.1600
기린,5,4929270.9980
[21]철산2교 우측,5,5074431.5790
신월야구공원,5,5304114.5220
응암9어린이공원,5,5363518.1680
광평공원,5,5646468.5290
아름공원,5,5691005.9830
반포주공2공원,5,5746701.3280
도곡목련공원,5,5869523.2430
방배배수지체육공원,5,6219370.9350
말죽거리,5,6522041.8930
개  뜰,5,6628295.2000
마곡수명산파크 1단지,5,6761551.3730
개포동공원,5,6836717.4340
등촌주공 3단지,5,7146148.0950
약청수약수터,5,7156025.7440
뚝섬승마장,5,7190768.0920
중랑천 노원교 밑,5,7214579.4260
삼풍아파트,5,7492325.7840
매봉근린공원,5,7571320.7950
꽃재,5,7656977.4760
응봉근린공원한남테니스장,5,7750152.9320
(가칭)신길14재정비촉진구역 소공원,5,8170197.7780
불광어린이공원,5,8491779.8180
현대슈퍼빌,5,8598655.6750
현석소공원,5,9564183.3880
노량진근린공원(고구동산)족구장,5,9888342.2680
벽산105동(소공원),5,11177175.0900
[25]인라인스케이트장 좌측(지압코스 내부),4,262603.3516
쌍문4동(2),4,291889.6203
광  석,4,921037.6360
넓은들,4,955399.6471
신라,4,1200593.8580
서초구민체육센터수영장,4,1242940.7280
잔디공원,4,1683745.4500
월계2동쌈지(신우빌라),4,1750032.0560
네이처힐6단지,4,1900074.3160
신천어린이교통,4,2205435.9630
우이천(우이1교~번창교),4,2338280.8930
상수소공원,4,2462642.1900
강북웰빙스포츠센터수영장,4,2477803.3770
압구정은행나무공원,4,2555468.8320
잠실어울림축구장,4,2605945.3680
방배어울림,4,2646566.9150
신원동체육시설,4,2722878.7730
인덕마을,4,2864096.1870
매봉산근린공원,4,2971763.1900
방배아크로타워,4,3198591.8130
손기정공원,4,3432199.7550
샘터공원,4,3495057.3750
장지,4,3525698.8700
안양천 C구장,4,3535414.2150
염창무학,4,3567682.9830
잠원근린공원,4,3649586.9350
상계2동마을숲마당,4,3744598.1330
방배,4,3777910.3840
예솔,4,3855293.5030
철  쭉,4,3882042.4140
홍씨마을공원,4,3895727.5790
윗샘,4,3905033.8790
암산,4,3946466.8880
실락어린이공원,4,4117048.7390
삼일,4,4128647.7500
분토골,4,4182825.0800
구현초교 앞마을마당,4,4336897.0480
방배래미안,4,4348687.4660
까치공원,4,4554238.4950
예술공원,4,4659757.9510
천사,4,4693328.5210
중랑천제방 현대A 206동 앞,4,4767124.6020
송례(위례 근린공원8호),4,4859743.9350
양재1동주민센터,4,4955781.7410
해맑은,4,5406919.9990
중랑천제방 서원A116동옆,4,5410496.6220
사평리,4,5490038.0530
대협,4,5506689.3440
천불사 옆,4,5558861.6130
사당문화회관수영장,4,5690607.9360
상계5동 간촌마을 가로공원,4,5690630.2070
종   암,4,5716572.9470
성산동 게이트볼장,4,6010686.7400
구  룡,4,6135538.3160
아크로비스타,4,6299634.3680
신도림생활체육관,4,6363088.4800
관음삼성아파트,4,6373140.9860
시루메어린이공원,4,6471591.2710
신도림어린이공원,4,7019050.0300
서린공원,4,7248062.4220
창골어린이공원,4,7288454.2200
국사봉체육관,4,7437177.6590
남일공원,4,7616314.7220
불광7구역소공원,4,7942043.8010
달님,4,7958278.5100
근린공원2호,4,8368511.1930
한  내,4,8949908.4380
홍은3소공원,4,9324068.1350
넘은들,4,9445518.3600
한화아파트,4,9523441.1470
옹기골,4,9839852.7750
효 자,4,10340964.5100
공릉동,4,10463545.0300
매봉,4,10725426.0300
마산말,4,10902885.6300
성산근린공원,4,14528552.3300
달 내,3,56206.1969
신양 동네체육시설,3,531973.3411
연  촌,3,1161266.7970
꿈자람,3,1169351.7740
향   림,3,1418058.6270
염창,3,1441971.5180
쌍문4동(1),3,1712712.2170
샛말,3,1802867.9390
오금지구 수변공원,3,1867677.3220
와룡소공원,3,1956554.6030
잠실7동 체육시설,3,2087654.9660
효봉어린이공원,3,2095073.9940
공릉2(산업대앞),3,2120325.7140
누에머리,3,2351697.1040
산장어린이공원,3,2375468.9760
[26]개명교 좌측,3,2545969.5480
상암공원,3,2687447.3000
벽  운,3,2702059.2390
개롱,3,2946817.4320
구릉공원,3,2988873.7370
정문공원,3,3024189.4170
중  평,3,3189148.0330
간  촌,3,3205516.9600
송동,3,3252850.6340
잠원체육시설,3,3279422.2690
연  지,3,3288830.6160
근린공원6호,3,3471212.8280
서  당,3,3778791.1770
소곶네,3,3906207.1100
나팔꽃,3,4148198.0170
방화11단지,3,4200300.0150
개운산,3,4215773.2000
창동시립테니스장,3,4222834.7750
국화원,3,4474027.8080
아랫샘공원,3,4474570.5320
가양,3,4535749.2040
근린공원5호,3,4637776.8670
배재공원,3,4704696.9000
주흥공원,3,4719302.7920
게  리,3,4836999.5580
불  암,3,4919921.0670
윤슬공원,3,4930220.6020
양천,3,4994660.8090
잠실6동 체육시설,3,5065224.1660
염곡,3,5070249.2280
구일역하부 인라인스케이트장,3,5081987.8620
광진구민체육센터수영장,3,5084361.1060
산정배드민턴장,3,5127074.5180
미도1차,3,5497734.0340
감로천생태공원,3,5498315.1340
염창월드메르디앙,3,5514504.7450
등촌대림e편한세상,3,5532135.4430
능골공원,3,5539614.8330
밤골어린이공원,3,6188028.2230
대동황토방,3,6343032.5110
[14]우성아파트 2차 앞(제방위),3,6617865.6100
충  숙,3,6907334.7510
개포공원,3,7235221.9180
롯데캐슬2차,3,7309676.5860
한우물,3,7441028.2180
안양천 파크골프장(좌안),3,7459962.1930
가재울,3,7555961.6630
[12]신정교사거리 하부,3,7685890.7440
햇 살,3,7732469.8980
서광등촌마을,3,7755007.7290
염창1차 더하임,3,8241241.2130
샘물공원,3,8350018.5210
큰더기어린이공원,3,8399298.6040
대조동청사옆마을마당,3,8629910.2230
유호배드민턴장,3,8678839.0430
장암지구,3,8863655.3460
관악구민종합체육센터수영장,3,8926126.8110
(가칭)신길5재정비촉진구역 소공원,3,8956405.5640
간이운동장(음식물처리장),3,8967449.2140
훼밀리,3,9017197.6330
우장산인조잔디구장,3,9056872.2160
중계근린공원,3,9416446.2910
새터공원,3,9585685.9220
오륜테니스장,3,9949883.0700
점말공원,3,10052975.1200
암사동공원,3,10090061.3600
신동문화체육센터,3,10230490.4200
삼개어린이공원,3,10345645.9600
충무아트홀스포츠센터수영장,3,10527097.4400
개명소공원,3,11289350.9000
상암근린공원,3,11369489.2800
역삼동 716-5(SK뷰) 소공원,3,11574532.8600
한강타운,3,11891188.0400
장미아파트2호,3,12059869.3700
진달래공원,3,12707468.8100
장 암,3,12821028.9600
마산말공원,3,12823473.8400
역촌동마을마당,3,12957022.8700
직녀,3,13183729.4900
능말,3,13205324.0300
대건,3,15029664.5100
삼성배드민턴장,2,402201.2425
홍연 2교 우안 하류 간이운동장,2,641645.6856
군민회관,2,667277.1681
안양천 B구장,2,750960.8063
용말공원,2,1183381.1740
오금,2,1224258.5550
채송화,2,1262465.8920
한무리,2,1327147.0150
용산청소년수련관수영장,2,1419261.6870
온조마루,2,1511600.2740
암산공원,2,1520790.5480
[16]신도림푸르지오 2차 앞,2,1565680.3970
들국화,2,1570647.9750
초  안,2,1885746.8660
길섶,2,1904200.3910
밤 골,2,1961113.7120
천상,2,2009229.9040
신사동(새절)소공원,2,2310848.2070
강서구민올림픽체육센터수영장,2,2395441.0930
고덕게이트볼장,2,2501496.8120
용  말,2,2858339.5550
신트리,2,2861772.3020
꿈나무공원,2,2864529.9730
온  곡,2,3003433.0850
역삼까치공원,2,3088569.1670
도성근린공원,2,3118471.0950
반포힐스테이트,2,3120779.3020
잠실주공5단지 근린공원,2,3473417.9230
순흥약수터,2,3484696.4590
창동 공원,2,3622286.4050
동문공원,2,3638482.6020
신기루,2,3697359.6390
이촌공원,2,3717031.8910
대치청실아파트 소공원1,2,4040402.6410
효  자,2,4048947.2490
양재천근린공원,2,4065542.0070
서초래미안,2,4093971.0580
상수나루소공원,2,4260429.7270
개포동근린공원,2,4268224.7510
망원유수지 옆 체육시설,2,4302746.8410
골마을,2,4437290.8890
서래골근린공원,2,4545742.4770
서리풀,2,4677585.6600
뻐꾸기,2,4793721.0470
녹번동근린공원,2,4835353.4020
영락,2,4876246.4200
[13]우성아파트 3창 앞(제방아래),2,4891372.4740
등촌주공 5단지,2,4895190.2100
서리풀근린공원,2,5008919.2280
반포자이,2,5015567.4430
염창현대1차,2,5061064.6280
독산근린공원,2,5301995.4200
북한산공원,2,5319968.9990
대진근린공원,2,5439442.0560
충숙근린공원,2,5472568.4860
언구비,2,5564359.6040
상암교회 옆 체육시설,2,5569394.1860
파랑새,2,5630890.5060
신반포2차앞 체련시설,2,5703546.3510
뱃 골,2,5709600.0550
사촌공원,2,5877204.1360
시민의숲테니스장,2,5937815.8600
잿말소공원,2,6006204.0610
식유촌,2,6193969.8740
숯내,2,6266850.1810
버들어린이공원,2,6302529.1330
목감천 인라인스케이트장,2,6316962.6690
소담공원,2,6794305.8190
다락원 체육공원,2,6802018.0950
길섶근린공원,2,6976777.4260
곰돌이공원,2,7004114.1150
계남,2,7052899.0110
독골근린공원,2,7154330.7910
일원소나무공원,2,7266493.0900
방배동,2,7296292.5670
구룡근린공원,2,7332284.0490
마곡실내배드민턴장,2,7405740.7520
각  심,2,7428600.4600
은하수어린이공원,2,7486986.9850
꼭지,2,7510780.9530
봉화대근린공원,2,7517180.5500
방학동 공원,2,7596862.6810
솟대어린이공원,2,7622108.8680
하늘마루,2,7693805.7230
응암3주택 재개발구역내소공원,2,7850023.0150
우이천 태영A105 밑,2,8107364.1300
홍제3교우안하류 간이운동장,2,8207094.6390
궁마을공원,2,8220584.3030
하  계,2,8297166.9730
상도,2,8344336.4960
한티근린공원,2,8354368.0100
솜다래공원,2,8451459.9370
우이천가로공원,2,8699364.6600
효성어린이공원,2,8969785.2870
마곡수명산파크 5단지,2,8998118.4520
가양5단지,2,9124785.1670
롯데캐슬클래식,2,9178612.3540
우장,2,9182278.8060
KT앞 둔치,2,9222527.4610
염창동아1차,2,9251948.1470
천보어린이공원,2,9315895.0610
도곡근린공원,2,9317843.1210
무교2공원,2,9376934.9130
서원공원,2,9498791.9560
방죽공원,2,9658775.5480
수서제2근린공원,2,9738654.2070
신동공원,2,9899083.4450
이촌한우리공원,2,10125870.0600
늘푸른근린공원,2,10596569.8000
중계,2,10698361.3000
다락원체육공원 게이트볼장,2,10708791.3100
화곡푸르지오,2,10763906.0800
거북이,2,10988719.3900
대림경동,2,11456339.9200
폭포동소공원,2,11478016.7100
밤   골,2,11596066.4000
도봉1동 마을마당,2,11847650.8200
노들나루공원 자전거연습장,2,11880553.2800
한강시민공원 잠원지구,2,11901944.1100
청  솔,2,12070394.7400
망원유수지 체육시설,2,12074754.2100
일원진달래공원,2,12531537.6500
월천근린공원,2,12675534.9900
서대문체육회관수영장,2,12869556.6100
진관근린공원,2,13480953.0200
신대부석,2,14989243.8300
양재초교앞 농구장,2,16652798.3600
목동실내빙상장,2,16693385.3300
방학3동 마을마당,2,17580316.0900
원  터,2,17720265.2200
남산 게이트볼장,2,17958610.4000
배산택지 공원(3호공원),1,210272.4127
반포3동주민센터,1,945426.1901
언남,1,988553.2892
두텁바위어린이공원,1,1284833.4010
아랫샘,1,1368790.3210
동  문,1,1397572.2380
잠  원,1,1519039.8930
한마음,1,1534493.0990
천왕근린공원,1,1708399.6910
방화 2-1단지,1,2038617.3400
네이처힐4단지,1,2205327.9090
도림,1,2274252.3630
창동마을 체육시설,1,2345810.4910
월계 롯데캐슬 옆,1,2406048.8160
늘벗공원,1,2418170.8070
반포2동주민센터,1,2430858.5230
행복한,1,2581544.0400
송  림,1,2662863.8690
남현,1,2768814.7650
샛   별,1,2913999.4090
신이,1,3006756.3910
와우근린공원,1,3095847.8110
순복음교회 뒤,1,3606037.3030
반포본동주민센터,1,3614848.8790
연가교우안 하류상단 간이운동장,1,3687116.9490
용  화,1,3804533.8260
석우마을 체육시설,1,3857740.3110
[20]I-PARK(109동) 앞,1,3945587.9370
독골공원,1,4035158.6000
만남의광장,1,4200828.1250
근린공원7호,1,4241688.9200
화곡2주구2,1,4275021.3960
송운근린공원,1,4278621.3280
상계근린공원,1,4493707.3850
신  동,1,4563106.1690
물보라,1,4957278.6080
중랑천제방 삼성A 111동 앞,1,5161305.5250
윗반고개공원,1,5164180.4330
솔,1,5190364.3500
동  산,1,5374968.3410
파랑새공원,1,5395667.5790
꽃사과,1,5491214.6440
초안산 <시공원>,1,5557364.5440
도담,1,5613050.7100
계상초 인근,1,5630243.7970
탄천,1,5759832.0790
달바위공원,1,5857699.5990
서오능,1,5886208.7030
코아공원,1,5948333.4190
도곡동 426-9(로덴하우스)소공원,1,5949788.9970
참  새,1,5979497.4240
네이처힐5단지,1,5981986.9940
상일공원,1,6026626.4700
호암1터널상부,1,6126453.2420
반석어린이공원,1,6142653.0730
신반포1차,1,6146759.1110
신반포2차,1,6183251.9620
용산청소년수련관,1,6308314.1490
명주,1,6319323.2040
대동황토방 2차,1,6465626.8370
잠실주공5단지 소공원,1,6508274.0690
안산공원,1,6631856.5590
가양2단지 성지,1,6761371.4720
양재시민의 숲,1,6815650.4050
구암,1,6836547.6430
남가좌동어린이공원,1,6855051.8330
신광명,1,6979596.9820
장미아파트1호,1,7003257.7940
창 골,1,7072355.9860
위례 근린공원3호,1,7214711.0370
버  들,1,7355248.4270
명달근린공원,1,7513901.0510
선  녀,1,7747044.5050
광장동 실내 배드민턴장,1,7829769.7300
영축산              <시공원>,1,7884691.5480
정  문,1,7921726.1730
매봉산공원,1,8035000.3730
꿈터공원,1,8119879.6880
늘벗근린공원,1,8161949.7470
갈매소공원,1,8318752.4960
농구장(C구장),1,8320590.7790
성북종합레포츠타운체육관,1,8385253.9250
쌍문4동 마을마당,1,8450444.0790
샛터공원,1,8473058.2490
유만어린이공원,1,8484383.8670
예지공원,1,8592825.7180
강나루현대,1,8649417.7780
안양천 A구장,1,8777513.4180
한강시민공원 반포지구,1,8833289.0480
천마,1,8924810.5080
푸른공원,1,8976605.7170
은평다목적체육관,1,9219590.8070
중계1동 소공원,1,9320774.0790
구름공원,1,9349005.9890
강월,1,9383010.9230
등서,1,9424734.4970
망원유수지체육시설,1,9556437.8570
푸  른,1,9746753.5270
양재천,1,9783526.3660
고무래,1,9795157.7810
오동골프연습장,1,9967568.7890
공암나루,1,10065647.1300
중랑천제방 도봉구청앞,1,10105071.9400
인라인스케이트장,1,10143600.9200
푸르매,1,10277840.1900
선우체육관,1,10308369.2200
잠실진주,1,10404573.7200
코  아,1,10510101.3700
숲속,1,10563661.2600
햇님,1,10884502.9700
도곡단비소공원,1,10943145.0300
가양레포츠센터,1,11147655.6200
이화어린이공원,1,11186033.7300
우면생태놀이터,1,11252510.1300
도하,1,11313885.0200
등촌주공 11단지,1,11403175.1100
응봉테니스장,1,11719702.1900
관악정,1,11750509.8100
남이마을어린이공원,1,11936817.0500
아  름,1,11988300.4900
서낭당,1,12050748.8800
무지개공원,1,12108575.3300
양재시민의숲 테니스장,1,12167193.9100
논현은행나무공원,1,12184938.8700
미소,1,12387658.4800
서래골,1,12495466.3700
독서,1,12566150.3200
아차산배수지체육공원 인조잔디축구장,1,12617275.4900
수서오솔길,1,12618337.9900
장수,1,12890228.1000
발바닥공원,1,12895037.3400
농구장(구일역),1,12938439.2300
염창힐스테이트,1,12959967.1800
우면,1,13077311.6300
비석골,1,13082603.5700
마곡수명판파크 2단지,1,13131538.0900
창3동 마을마당,1,13171926.9800
개포근린공원,1,13288511.9700
[04]족구장B 위쪽,1,13316337.2000
방화6단지,1,13440843.8200
수서개나리공원,1,13590621.6600
하늬공원,1,13613386.4800
하왕1-5구역,1,13871765.4000
당현천,1,14021317.9700
독산자연공원,1,14100604.2700
큰골근린공원,1,14168561.6800
옹달샘약수터,1,14260519.4600
서빙고공원,1,14318184.9600
아리수,1,14321345.8000
노원역 역사문화마당,1,14329182.5600
서초구민체육센터,1,14364786.8300
방화동성,1,14399230.2000
삿갓봉,1,14496893.5600
미리내공원,1,14674921.2200
마들근린공원테니스장,1,14856380.7500
현석동마을마당,1,14876089.2700
대치교~영동6교_남단,1,15026206.5600
동작주차,1,15057054.0800
래미안퍼스티지,1,15060640.9100
만남공원,1,15090274.6500
쌍용아파트 앞_북단,1,15111068.6300
어린이야구연습장,1,15694284.3700
계남근린공원테니스장,1,15803723.9700
세곡동 근린공원1,1,15928717.8300
천왕역소공원,1,16003825.9300
만  남,1,16021199.3200
하늘가람,1,16114767.0700
아현새싹소공원,1,16378367.7800
달  빛,1,16381718.9000
배밭근린공원,1,16386603.5400
수서택지개발(대모산부근),1,16535748.8600
등촌주공 8단지,1,16565889.5200
서일문화체육센터,1,16614293.1200
우면산 도시자연공원,1,16853233.3400
은평인공암벽장,1,16939334.6800
녹번1-2지구 주택재개발정비구역내소공원,1,16946260.9800
구로구민체육센터,1,16978540.5500
다락원체육공원 테니스장,1,17536161.3100
살곶이야구장,1,17592013.9000
가양 9-2단지,1,17612654.2600
응암1동마을마당,1,17681245.8900
두레공원,1,17932033.5900
오금풋살구장,1,18328531.4500
마곡수명산파크 3단지,1,18828827.8900
대창어린이공원,1,19731133.9900
