,Unnamed: 0,구명,단지명,주택유형,세대수,입주개시일,주소,우편번호,전화번호,경도,위도,H/B,행정동,행정동_경도,행정동_위도
0,0,강남구,대치1,영구임대,1623,1992-01-15,개포로109길 9 (개포동 대치아파트),6335,,37.495752092135,127.07509618312099,H,일원2동,127.07369959446872,37.49217318132317
1,1,강남구,수서1-1단지,영구공공,2214,1992-11-01,양재대로55길 10 (일원동 수서1단지 에스에이치빌),6341,,37.4931540384403,127.09099139600599,H,일원1동,127.08806917419275,37.49187862508384
2,2,강남구,수서6,영구임대,1508,1992-12-01,광평로56길 11 (수서동 수서6단지아파트),6368,,37.487978814880705,127.105630698531,H,수서동,127.10500397212131,37.48888785942371
3,3,강서구,보람더하임,재건축,202,2008-04-01,양천로 666 (염창동 보람 더하임),7554,,37.551515754875496,126.870509799741,H,염창동,126.87098534896086,37.553736243141515
4,4,강남구,신사삼지래미안,재건축,63,2009-03-20,압구정로2길 20 (신사동 래미안 신사),6027,,37.5201049771688,127.019620204079,H,신사동,127.02277448907014,37.52398502986103
5,5,강남구,래미안그레이튼,재건축,476,2010-03-05,도곡로43길 20 (역삼동 래미안 그레이튼),6219,,37.4968651846123,127.048617116855,H,역삼2동,127.0468346777432,37.49596751103195
6,6,강남구,래미안그레이튼2차,재건축,464,2011-01-20,도곡로43길 21 (역삼동 래미안그레이튼),6219,,37.495727772969,127.047011616273,H,역삼2동,127.0468346777432,37.49596751103195
7,7,강남구,세곡리엔파크1단지,국민장기,395,2011-03-01,헌릉로590길 100 (세곡동 세곡리엔파크1단지),6366,,37.463529266275394,127.10102449475,H,세곡동,127.10676026214176,37.46444010154397
8,8,강남구,신동아 파밀리에(세곡리엔파크2단지),국민장기,410,2011-03-01,헌릉로590길 10 (세곡동 세곡리엔파크2단지),6365,,37.464504985827496,127.102680316828,H,세곡동,127.10676026214176,37.46444010154397
9,9,강남구,세곡리엔파크3단지,국민장기,363,2011-03-01,헌릉로590길 11 (세곡동 세곡리엔파크3단지),6365,,37.4643876362108,127.10416499608299,H,세곡동,127.10676026214176,37.46444010154397
10,10,강남구,세곡리엔파크4단지,국민장기,407,2011-06-22,헌릉로590길 88 (세곡동 세곡리엔파크4단지),6366,,37.4628776555918,127.101444329255,H,세곡동,127.10676026214176,37.46444010154397
11,11,강남구,청담자이,재건축,708,2011-11-07,영동대로138길 12 (청담동 청담자이아파트),6076,,37.524101472857296,127.057249781197,H,청담동,127.04931002321993,37.52511579897959
12,12,강남구,강남데시앙파크(세곡리엔파크5단지),국민장기,546,2011-11-14,헌릉로590길 63 (세곡동 강남데시앙파크),6366,,37.461046536966705,127.101540870536,H,세곡동,127.10676026214176,37.46444010154397
13,13,강남구,개나리에스케이뷰,재건축,240,2012-09-01,역삼로 315-1 (역삼동 개나리SK뷰),6213,,37.5005684337476,127.050071033953,H,역삼2동,127.0468346777432,37.49596751103195
14,14,강남구,도곡진달래(래미안도곡카운티),재건축,397,2013-05-20,도곡로 320 (도곡동 래미안도곡카운티),6275,,37.4956390045387,127.052002706504,H,도곡2동,127.04638382177308,37.483728401661516
15,15,강남구,역삼동 공공원룸텔,기타임대,30,2013-09-23,도곡로23길 5 (역삼동),6257,,37.4925244213152,127.039646059967,H,역삼1동,127.03320108651666,37.49542431718493
16,16,강남구,테헤란아이파크,재건축,411,2014-02-14,테헤란로52길 16 (역삼동 테헤란IPARK),6213,,37.5024975518382,127.046381406708,H,역삼2동,127.0468346777432,37.49596751103195
17,17,강남구,세곡2-3(래미안포레),영구국민장기,1070,2014-03-15,밤고개로21길 25 (자곡동 래미안포레),6370,,37.4750475248595,127.107644379249,H,세곡동,127.10676026214176,37.46444010154397
18,18,강남구,세곡2-4(강남한양수자인),영구국민장기,1304,2014-03-17,자곡로 260 (자곡동 강남한양수자인아파트),6370,,37.47654871554371,127.111605691158,H,세곡동,127.10676026214176,37.46444010154397
19,19,강남구,경복논현아크로힐스,재건축,368,2014-12-29,언주로 604 (논현동 ACROHILLS논현),6102,,37.5095303215604,127.038421201117,H,논현2동,127.03735990690524,37.51739318345911
20,20,강남구,강남한신휴플러스6(세곡2-6),국민장기,378,2015-09-30,밤고개로26길 50 (율현동 강남 한신휴플러스 6단지),6377,,37.467811077532396,127.104821314643,H,세곡동,127.10676026214176,37.46444010154397
21,21,강남구,강남한신휴플러스8(세곡2-8),국민장기,169,2015-09-30,밤고개로27길 20 (율현동 강남 한신휴플러스 8단지),6378,,37.4709019186514,127.109766293616,H,세곡동,127.10676026214176,37.46444010154397
22,22,강남구,수서하니움,장기전세,73,2016-01-20,광평로60길 32 (수서동 하니움),6369,,37.486600928841895,127.107203475559,H,수서동,127.10500397212131,37.48888785942371
23,23,강남구,래미안대치팰리스,재건축,1608,2016-04-19,삼성로51길 37 (대치동 래미안 대치 팰리스(1단지)),6280,,37.4934361918055,127.057697682666,H,대치1동,127.05682016381063,37.49326010984354
24,24,강남구,역삼자이,재건축,408,2016-07-15,언주로 420 (역삼동 역삼자이아파트),6214,,37.500962635548,127.04416862223101,H,역삼2동,127.0468346777432,37.49596751103195
25,25,강남구,래미안개포루체하임(일원동현대),행복(재건축),850,2019-03-08,개포로 110길 50(일원동 689-1),6344,,37.4895410084374,127.07962422520399,H,일원2동,127.07369959446872,37.49217318132317
26,26,강남구,래미안블레스티지(개포주공2차),행복(재건축),1957,2019-03-08,강남구 선릉로 8(개포동 140),6326,,37.480057578933,127.06415338276199,H,개포2동,127.06913357484176,37.48978647004139
27,27,강남구,디에이치아너힐즈(개포주공3),행복(재건축),1320,2019-10-07,강남구 삼성로 11(개포동 138 외),6327,,37.4844402093504,127.067960222798,H,개포2동,127.06913357484176,37.48978647004139
28,28,강동구,천호삼성(천호4),재개발,247,1997-05-08,성안로25길 15 (천호동 삼성아파트),5338,,37.5378655264436,127.13481141613701,H,천호3동,127.12984610646093,37.539834728878645
29,29,강동구,천호동아코아(천호5),재개발,191,1998-02-28,구천면로 189 (천호동 동아코아아파트),5327,,37.5415920129665,127.125536352486,H,천호2동,127.1254393146216,37.54344348896423
30,30,강동구,천호태영(천호6),재개발,264,2000-02-07,천호대로 1055 (천호동 천호태영아파트),5336,,37.538369715971704,127.12942446783998,H,천호3동,127.12984610646093,37.539834728878645
31,31,강동구,강일지구1단지(강일리버파크1단지),국민장기,282,2009-03-23,아리수로93가길 25 (강일동 강일리버파크1단지아파트),5211,,37.5668679397024,127.172024343708,H,강일동,127.17391966164308,37.564944692060216
32,32,강동구,강일지구2단지(강일리버파크2단지),국민장기,442,2009-03-23,아리수로97길 68 (강일동 강일리버파크2단지아파트),5208,,37.568730756153606,127.17665461227301,H,강일동,127.17391966164308,37.564944692060216
33,33,강동구,강일지구3단지(강일리버파크3단지),국민장기,987,2009-03-23,아리수로93길 40 (강일동 강일리버파크3단지아파트),5210,,37.5655171416703,127.17510664157801,H,강일동,127.17391966164308,37.564944692060216
34,34,강동구,강일지구4단지(강일리버파크4단지),국민장기,748,2009-03-23,아리수로97길 19 (강일동 강일리버파크4단지아파트),5210,,37.5669952358435,127.17679132286001,H,강일동,127.17391966164308,37.564944692060216
35,35,강동구,강일지구6단지(강일리버파크6단지),국민장기,553,2009-03-23,아리수로94길 19 (강일동 강일리버파크6단지아파트),5213,,37.562733006150495,127.17726024629299,H,강일동,127.17391966164308,37.564944692060216
36,36,강동구,강일지구8단지(강일리버파크8단지),국민장기,410,2009-03-23,아리수로94길 72 (강일동 강일리버파크8단지아파트),5212,,37.560722295971296,127.17626956114799,H,강일동,127.17391966164308,37.564944692060216
37,37,강동구,강일지구9단지(강일리버파크9단지),국민장기,841,2009-04-19,고덕로97길 29 (강일동 강일리버파크9단지아파트),5216,,37.558354026903295,127.17783262384899,H,강일동,127.17391966164308,37.564944692060216
38,38,강동구,강일지구10단지(강일리버파크10단지),국민장기,694,2009-04-19,고덕로97길 20 (강일동 강일리버파크),5215,,37.5592084943697,127.17999761663401,H,강일동,127.17391966164308,37.564944692060216
39,39,강동구,강일지구7단지(강일리버파크7단지),국민장기,731,2009-06-25,아리수로98길 25 (강일동 강일리버파크7단지아파트),5214,,37.565276572748395,127.178358990921,H,강일동,127.17391966164308,37.564944692060216
40,40,강동구,강일지구5단지(강일리버파크5단지),국민장기,722,2009-08-01,아리수로97길 20 (강일동 강일리버파크5단지아파트),5209,,37.5685142719635,127.178137155501,H,강일동,127.17391966164308,37.564944692060216
41,41,강동구,고덕아이파크,재건축,1142,2010-03-05,동남로79길 26 (고덕동 고덕아이파크),5232,,37.5591838811941,127.15374424363199,H,고덕1동,127.1515020153247,37.55726306223973
42,42,강동구,고덕리엔파크1단지,국민장기,605,2011-01-15,상일로 152 (강일동 고덕리엔파크1단지아파트),5218,,37.5616354948966,127.171346232915,H,강일동,127.17391966164308,37.564944692060216
43,43,강동구,고덕리엔파크2단지,국민장기,636,2011-01-15,고덕로 427 (강일동 고덕리엔파크2단지아파트),5217,,37.558797292137605,127.173182162867,H,강일동,127.17391966164308,37.564944692060216
44,44,강동구,고덕리엔파크3단지,국민장기,2283,2011-01-30,상일로 74 (상일동 고덕리엔파크3단지아파트),5287,,37.5513683747695,127.174785524346,H,상일2동,127.17760151552136,37.552011719375116
45,45,강동구,강일지구 11단지(행복주택),행복(공사 건설형),346,2015-12-28,고덕로97길 100 (강일동 강일리버파크11단지),5214,,37.562734998585796,127.179992858104,H,강일동,127.17391966164308,37.564944692060216
46,46,강동구,강일2 도시형생활주택(준주거2)(임대),기타임대,76,2016-04-01,상일로12길 89 (강일동 리엔타운),5285,,37.5563707116976,127.172886593605,H,상일2동,127.17760151552136,37.552011719375116
47,47,강동구,올림픽파크한양수자인,재건축,482,2016-08-26,성내로 80 (성내동 올림픽파크한양수자인),5401,,37.5271796181821,127.127965319697,H,성내1동,127.12242177123132,37.53047946477166
48,48,강동구,고덕래미안힐스테이트,재건축,3658,2017-01-05,아리수로50길 50 (고덕동 래미안힐스테이트고덕),4731,,37.557689137177604,127.148600236458,H,고덕1동,127.1515020153247,37.55726306223973
49,49,강동구,고덕숲아이파크,재건축,687,2017-12-01,고덕로80길 134(상일동 고덕숲아이파크) ,5277,,37.55171845592729,127.164857017437,H,상일1동,127.16462039509204,37.55064299525213
50,50,강동구,래미안 명일역 솔베뉴(삼익그린),행복(재건축),1900,2019-10-07,강동구 양재대로 1650(명일동 309-1),5226,,37.55438987866221,127.145918080688,H,명일1동,127.1460821730888,37.549806031706424
51,51,강동구,고덕 그라시움(고덕2),행복(재건축),4932,2019-10-07,강동구 동남로82길 98(고덕동 220),5224,,37.5561805813458,127.159323340926,H,고덕2동,127.1643659743796,37.56052548107242
52,52,강북구,래미안수유(수유2),재개발,180,2000-07-01,한천로159길 8 (수유동 래미안수유아파트),1040,,37.6444547640044,127.018655185471,H,수유2동,127.01993324444145,37.64466097042541
53,53,강북구,SK북한산시티(미아1-1),재개발,1497,2001-11-17,솔샘로 174 (미아동 SK북한산시티아파트),1192,,37.617638362841795,127.010599691076,H,삼각산동,127.02083597831674,37.6150544065232
54,54,강북구,미아벽산(미아1-2),재개발,490,2002-11-18,솔샘로 159 (미아동 벽산라이브파크),1191,,37.6218232749574,127.012407457085,H,삼양동,127.01838797999687,37.62734428383054
55,55,강북구,삼각산아이원(미아5),재개발,673,2004-02-23,삼양로19길 113 (미아동 삼각산아이원아파트),1198,,37.617055559706394,127.01772328903799,H,삼각산동,127.02083597831674,37.6150544065232
56,56,강북구,미아SH-Ville(미아2),재개발,57,2007-09-27,삼양로 246-14 (미아동 미아 에스에이치빌 아파트),1127,,37.6254213590597,127.019197227185,H,삼양동,127.01838797999687,37.62734428383054
57,57,강북구,래미안트리베라1차(래미안트리베라6),재개발,1247,2010-05-29,삼양로19길 25 (미아동 삼성래미안트리베라1차아파트),1200,,37.6156943247238,127.021139026425,H,삼각산동,127.02083597831674,37.6150544065232
58,58,강북구,래미안트리베라2차(래미안트리베라12),재개발,1330,2010-06-14,삼양로27길 19 (미아동 삼성래미안트리베라아파트),1195,,37.6161238065432,127.021741379374,H,삼각산동,127.02083597831674,37.6150544065232
59,59,강북구,송천동부(미아10-1),재개발,376,2010-09-30,숭인로 39 (미아동 송천센트레빌),1213,,37.612757421034104,127.026678655065,H,송천동,127.02386795319367,37.61830820181232
60,60,강북구,미아두산위브트레지움(미아8),재개발,1370,2011-12-26,삼양로27길 95 (미아동 두산위브트레지움아파트),1197,,37.618352180555796,127.015755327709,H,삼각산동,127.02083597831674,37.6150544065232
61,61,강북구,수유장기전세(프레비스타),장기전세,18,2015-03-27,인수봉로 101 (수유동 프레비스타),1096,,37.62896555692021,127.012611877138,H,수유1동,127.01760923818316,37.63005817372584
62,62,강북구,꿈의숲 롯데캐슬(미아4),재개발행복(리츠2호),615,2017-03-28,오현로 56(미아동 꿈의숲 롯데캐슬),1232,,37.6184115650264,127.03647592791799,H,송중동,127.0337938241709,37.61612898935126
63,63,강북구,꿈의숲해링턴플레이스(미아9-1),행복(재건축),1028,2019-09-30,강북구 오현로 45(미아동 3-770),1155,,37.616937523560296,127.03446065010401,H,송중동,127.0337938241709,37.61612898935126
64,64,강서구,가양9,공공임대,914,1992-11-05,허준로 224 (가양동 가양9단지아파트),7532,,37.5599996875816,126.862819466302,H,가양3동,126.86054189258371,37.56105848293945
65,65,강서구,가양4,영구임대,1998,1992-11-05,양천로57길 37 (가양동 가양4단지아파트),7527,,37.5659318377534,126.85206920425101,H,가양2동,126.85126200422994,37.567379353467736
66,66,강서구,가양8,공공임대,1110,1992-11-05,허준로 176 (가양동 가양8단지아파트),7533,,37.561860495078896,126.856808076066,H,가양3동,126.86054189258371,37.56105848293945
67,67,강서구,가양5,영구임대,2411,1993-03-06,양천로57길 36 (가양동 가양5단지아파트),7526,,37.564627383048396,126.853519560541,H,가양2동,126.85126200422994,37.567379353467736
68,68,강서구,방화2-1,영구임대,1563,1993-10-25,방화대로48길 40 (방화동 방화2-1단지아파트),7519,,37.5742448164247,126.82016713175501,H,방화3동,126.81355003364565,37.578743210924834
69,69,강서구,방화11,영구임대,1065,1994-05-25,개화동로21길 4 (방화동 방화11단지아파트),7611,,37.5707203119115,126.805725644771,H,방화2동,126.80673880485905,37.56671300076564
70,70,강서구,방화6,영구공공,1000,1994-08-20,금낭화로23길 25 (방화동 방화6단지아파트),7510,,37.578138970879294,126.811204295259,H,방화3동,126.81355003364565,37.578743210924834
71,71,강서구,방화9,공공임대,250,1995-11-29,양천로11길 57 (방화동 방화9단지아파트),7507,,37.5746431515551,126.80715640559299,H,방화3동,126.81355003364565,37.578743210924834
72,72,강서구,발산2(마곡수명산파크2단지),국민장기,629,2007-08-10,강서로47길 158 (내발산동 마곡수명산파크2단지아파트),7634,,37.5538579739487,126.82764183408199,H,발산1동,126.82512699656547,37.55054536446922
73,73,강서구,발산3(마곡수명산파크3단지),장기전세,518,2007-10-08,수명로1길 110 (내발산동 마곡수명산파크3단지아파트),7643,,37.5518577662929,126.824707925418,H,발산1동,126.82512699656547,37.55054536446922
74,74,강서구,발산6(마곡수명산파크6단지),국민,399,2007-10-21,수명로2길 63 (내발산동 마곡수명산파크6단지아파트),7635,,37.549875328767705,126.825821922696,H,발산1동,126.82512699656547,37.55054536446922
75,75,강서구,발산1(마곡수명산파크1단지),국민,1421,2007-11-10,강서로47길 108 (내발산동 마곡수명산파크1단지아파트),7634,,37.553565372328,126.83053423755501,H,발산1동,126.82512699656547,37.55054536446922
76,76,강서구,발산4(마곡수명산파크4단지),국민장기,919,2008-02-20,수명로1길 16 (내발산동 마곡수명산파크4단지아파트),7643,,37.5520478232459,126.82256090816601,H,발산1동,126.82512699656547,37.55054536446922
77,77,강서구,발산5(마곡수명산파크5단지),국민,948,2008-06-21,수명로2길 105 (내발산동 마곡수명산파크5단지아파트),7635,,37.551586654328204,126.82758267247,H,발산1동,126.82512699656547,37.55054536446922
78,78,강서구,발산7(마곡수명산파크7단지),국민,643,2008-10-16,수명로2가길 22 (내발산동 마곡수명산파크7단지아파트),7642,,37.547662871978204,126.82191768222799,H,발산1동,126.82512699656547,37.55054536446922
79,79,강서구,마곡푸르지오,재건축,341,2009-03-20,방화대로34길 88 (방화동 마곡푸르지오),7595,,37.5703819246163,126.8211949558,H,방화1동,126.81749616956925,37.56866545658671
80,80,강서구,강서센트레빌,재건축,147,2009-03-31,방화대로41길 9 (방화동 강서센트레빌3차),7605,,37.5713641666202,126.816194041544,H,방화1동,126.81749616956925,37.56866545658671
81,81,강서구,강서동부센트리빌4차,재건축,215,2009-06-05,남부순환로 11 (공항동 강서센트레빌4차),7622,,37.5610628611402,126.808064496855,H,공항동,126.79483817099285,37.55591341272746
82,82,강서구,유니트로원룸,기타임대,75,2012-10-29,개화동로21길 49 (방화동 유니트로),7601,,37.5721385274076,126.805647249905,H,방화2동,126.80673880485905,37.56671300076564
83,83,강서구,강서한강자이,재건축,790,2013-10-01,양천로55길 55 (가양동 강서한강자이),7528,,37.5663284781553,126.84818318280001,H,가양1동,126.83492534942096,37.57188423770563
84,84,강서구,내발산동740 기숙사(희망하우징),기타임대,193,2014-03-29,수명로1길 131 (내발산동),7630,,37.554061307565206,126.82517593277099,H,발산1동,126.82512699656547,37.55054536446922
85,85,강서구,마곡14단지(마곡엠밸리14),국민장기,1270,2014-05-29,마곡중앙로 33 (마곡동 마곡엠밸리14단지),7630,,37.5580501033167,126.824080226482,H,발산1동,126.82512699656547,37.55054536446922
86,86,강서구,마곡15단지(마곡엠밸리15),국민장기,1171,2014-05-29,마곡중앙로 36 (마곡동 마곡엠밸리15단지),7811,,37.557440898600504,126.82734837762301,H,발산1동,126.82512699656547,37.55054536446922
87,87,강서구,마곡6단지(마곡엠밸리6),국민장기,1466,2014-06-13,마곡서1로 100 (마곡동 마곡엠밸리6단지),7798,,37.56575409817071,126.81962341196999,H,방화1동,126.81749616956925,37.56866545658671
88,88,강서구,마곡7단지(마곡엠밸리7),국민장기,1004,2014-06-13,마곡서로 133 (마곡동 마곡엠밸리7단지),7798,,37.564556103003895,126.823838667719,H,방화1동,126.81749616956925,37.56866545658671
89,89,강서구,마곡1단지(마곡엠밸리1),국민장기,237,2014-06-20,마곡서1로 131 (마곡동 마곡엠밸리1단지),7598,,37.568422367337,126.818430490413,H,방화1동,126.81749616956925,37.56866545658671
90,90,강서구,마곡2단지(마곡엠밸리2),국민장기,408,2014-06-20,마곡서1로 146 (마곡동 마곡엠밸리2단지),7598,,37.56882497305129,126.82141102863702,H,방화1동,126.81749616956925,37.56866545658671
91,91,강서구,마곡3단지(마곡엠밸리3),국민장기,315,2014-06-20,마곡서1로 132 (마곡동 마곡엠밸리3단지),7598,,37.568532190228204,126.819718473444,H,방화1동,126.81749616956925,37.56866545658671
92,92,강서구,마곡4단지(마곡엠밸리4),국민장기,420,2014-06-23,마곡서로 175 (마곡동 마곡엠밸리4단지),7595,,37.568908134597,126.82423251969699,H,가양1동,126.83492534942096,37.57188423770563
93,93,강서구,마곡5단지(마곡엠밸리5),국민장기,439,2014-06-27,마곡서1로 111-11 (마곡동 마곡엠밸리5단지),7599,,37.5658001533458,126.81728900681101,H,방화1동,126.81749616956925,37.56866545658671
94,94,강서구,가양동협동조합형공동주택,기타임대,24,2014-09-26,양천로61길 50 (가양동 이음채),7547,,37.55863957153421,126.865190551219,H,가양3동,126.86054189258371,37.56105848293945
95,95,강서구,등촌동 장기전세주택,장기전세,54,2016-01-01,공항대로 359 (등촌동 리본타워),7590,,37.557847297898796,126.847820343569,H,등촌3동,126.84792880294093,37.55888772806288
96,96,강서구,화곡동 청년 협동조합 주택(화곡동891-25),기타임대,15,2016-01-31,강서로5라길 26 (화곡동 청년주택협동조합그랑),7781,,37.5292076209333,126.849796048218,H,화곡8동,126.84836227238645,37.532633194908016
97,97,강서구,마곡지구 8단지(마곡엠밸리8단지),국민장기,531,2016-07-31,마곡서1로 81 (마곡동 마곡엠밸리8단지),7599,,37.5643663889963,126.819154429803,H,방화1동,126.81749616956925,37.56866545658671
98,98,강서구,마곡지구 10단지(마곡엠밸리10단지),국민장기,550,2016-08-10,마곡중앙1로 72 (마곡동 마곡엠밸리10단지),7629,,37.5590012558994,126.81993712513201,H,공항동,126.79483817099285,37.55591341272746
99,99,강서구,마곡힐스테이트,재건축,603,2016-08-26,마곡중앙3로 74 (마곡동 마곡힐스테이트),7599,,37.5646967575896,126.81843285506599,H,방화1동,126.81749616956925,37.56866545658671
100,100,강서구,마곡지구 11단지(마곡엠밸리11단지),국민장기,347,2016-09-15,공항대로 124 (마곡동 마곡엠밸리11단지),7808,,37.5594146140987,126.820813156139,H,공항동,126.79483817099285,37.55591341272746
101,101,강서구,마곡지구 12단지(마곡엠밸리12단지),국민장기,363,2016-09-15,공항대로 140 (마곡동 마곡엠밸리12단지),7808,,37.5591985327599,126.82324894379101,H,공항동,126.79483817099285,37.55591341272746
102,102,강서구,가양동 1457-1 모듈러 행복주택,행복(공사 건설형),30,2017-12-29,강서로 575,7523,,37.571709672828604,126.841669722752,H,가양1동,126.83492534942096,37.57188423770563
103,103,강서구,e편한세상 염창아파트,행복(재건축),499,2019-10-07,강서구 공항대로 583(염창동 277-24),7560,,37.5485922640411,126.870242587286,H,염창동,126.87098534896086,37.553736243141515
104,104,관악구,신림동부(신림5),재개발,592,1993-10-24,신원로 26 (신림동 신림동부아파트),8775,,37.4811549763764,126.92827080522801,H,신원동,126.92734647357561,37.48156355970953
105,105,관악구,봉천인헌,주거환경,216,1998-11-16,낙성대로15길 66 (봉천동 인헌아파트),8800,,37.468034829997,126.961769042702,H,낙성대동,126.95840521501923,37.47629145340168
106,106,관악구,봉천신봉,주거환경,277,1999-05-28,양녕로6나길 18 (봉천동 신봉아파트),8746,,37.4845539541879,126.948927711902,H,중앙동,126.94978974822226,37.484188153857104
107,107,관악구,신림초원,주거환경,197,1999-07-30,미성5길 40 (신림동 초원아파트),8865,,37.4733476916296,126.914035735156,H,미성동,126.91557598230604,37.47620734560285
108,108,관악구,봉천동아(봉천2-2),재개발,829,1999-11-01,관악로37길 20 (봉천동 봉천동아아파트),8726,,37.4875554407187,126.95598852611,H,성현동,126.94813528609407,37.48954303095076
109,109,관악구,봉천우성(봉천7-1),재개발,717,2000-03-20,관악로30길 40 (봉천동 봉천우성아파트),8735,,37.4851172827821,126.961585424846,H,행운동,126.9570867951137,37.480615826828455
110,110,관악구,봉천두산(봉천8),재개발,560,2000-12-21,양녕로 31 (봉천동 두산아파트),8751,,37.4851523525772,126.945779399956,H,은천동,126.94250287827985,37.485377767480706
111,111,관악구,관악드림타운(봉천3),재개발,1843,2001-07-16,구암길 106 (봉천동 관악드림타운아파트),8725,,37.491279413488,126.948664640266,H,성현동,126.94813528609407,37.48954303095076
112,112,관악구,관악벽산블루밍,재개발,799,2003-11-15,양녕로 117 (봉천동 벽산블루밍아파트),8715,,37.4915245440326,126.942711882092,H,은천동,126.94250287827985,37.485377767480706
113,113,관악구,관악푸르지오(봉천7-2),재개발,392,2004-02-23,청림5길 28 (봉천동 관악푸르지오2단지아파트),8734,,37.4895955788785,126.960271587162,H,청림동,126.9586363285215,37.491821317074205
114,114,관악구,신림SH-ville(신림7),재개발,150,2007-12-03,난곡로 80 (신림동 신림SH Ville아파트),8861,,37.462538180338896,126.919545026803,H,난향동,126.91878905199022,37.461501499797535
115,115,관악구,관악청광플러스원,재건축,71,2009-06-05,은천로15길 16 (봉천동 관악청광플러스원아파트),8715,,37.4873923020041,126.94432256246799,H,은천동,126.94250287827985,37.485377767480706
116,116,관악구,e편한세상 서울대입구(봉천12-2구역),재개발행복(재건축리츠2호),1489,2019-06-28,관악구 청룡10길 45(봉천동 1555-1),8830,,37.47723093284839,126.94305574277901,H,청룡동,126.94167558443198,37.47909552918944
117,117,광진구,한라녹턴,재건축,72,2009-09-11,영화사로16길 43 (구의동 구의동 아차산 한라아파트),4957,,37.5538354352314,127.09734621926,H,구의2동,127.08993579344175,37.54724564567557
118,118,광진구,래미안프리미어팰리스,재건축재개발,264,2017-11-01,아차산로 345(자양동 래미안프리미어팰리스아파트),5026,,37.5375052411306,127.08158295573999,H,자양1동,127.08243956669523,37.53450737839392
119,119,광진구,강변SK뷰(구의3),재건축,197,2018-12-11,광진구 아차산로 431(구의동 667),5045,,37.538653972655894,127.09019080531401,H,구의3동,127.09196131077688,37.53798181270719
120,120,구로구,오류동부골든(오류1),재개발,304,1997-11-04,고척로 49 (오류동 동부골든아파트),8253,,37.5000072590916,126.84136899952601,H,오류1동,126.84505065622653,37.49709333827066
121,121,구로구,구로두산(구로6),재개발,442,1999-03-01,도림로 59 (구로동 구로두산아파트),8313,,37.4898993993674,126.88896186978201,H,구로4동,126.88916194362048,37.49162880006584
122,122,구로구,고척유진마젤란아파트,재건축,175,2008-11-10,경인로47길 128 (고척동 고척마젤란아파트),8219,,37.5045853756561,126.863921148452,H,고척1동,126.86276286677003,37.50035525847666
123,123,구로구,구로경남아너스빌,재건축,129,2009-09-10,구로중앙로8길 41-23 (구로동 경남아너스빌),8304,,37.4936810424271,126.89299402047199,H,구로4동,126.88916194362048,37.49162880006584
124,124,구로구,온수힐스테이트,재건축,999,2010-03-05,부일로9길 127 (온수동 온수 힐스테이트),8259,,37.4975939329162,126.820479907992,H,수궁동,126.83147856339022,37.49390321679422
125,125,구로구,고척벽산블루밍(고척3),재개발,339,2010-12-01,고척로60길 30 (고척동 벽산베스트블루밍아파트),8228,,37.5051496613125,126.858766619471,H,고척2동,126.85861178438097,37.50671145750116
126,126,구로구,천왕이펜하우스2단지,국민장기,526,2011-06-10,천왕로 92 (천왕동 천왕이펜하우스2단지),8365,,37.48522882476521,126.838086363908,H,오류2동,126.83950458361203,37.48881469609833
127,127,구로구,천왕이펜하우스6단지,국민장기,678,2011-06-26,천왕로 9 (천왕동 천왕이펜하우스6단지),8364,,37.479020755989296,126.84225746312,H,오류2동,126.83950458361203,37.48881469609833
128,128,구로구,천왕이펜하우스5단지,국민장기,522,2011-07-25,천왕로 10 (천왕동 천왕 이펜하우스 5단지),8365,,37.480726327426,126.842162072714,H,오류2동,126.83950458361203,37.48881469609833
129,129,구로구,천왕이펜하우스4단지,국민장기,478,2011-08-15,천왕로 29 (천왕동 천왕 이펜하우스 4단지),8364,,37.4808009766872,126.83859451567699,H,오류2동,126.83950458361203,37.48881469609833
130,130,구로구,천왕이펜하우스1단지,국민장기,314,2011-10-12,천왕로 91 (천왕동 천왕 이펜하우스 1단지),8364,,37.4866893781833,126.837445160952,H,오류2동,126.83950458361203,37.48881469609833
131,131,구로구,천왕이펜하우스3단지,국민장기,1044,2011-10-12,천왕로 56 (천왕동 천왕 이펜하우스 3단지),8365,,37.48305321277,126.838914729764,H,오류2동,126.83950458361203,37.48881469609833
132,132,구로구,천왕2-1(천왕연지타운1),국민장기,571,2013-12-25,오류로 30 (천왕동 천왕연지타운1단지),8350,,37.48636795170739,126.83999205713002,H,오류2동,126.83950458361203,37.48881469609833
133,133,구로구,천왕2-2(천왕연지타운2),국민장기,1018,2014-02-03,오리로 1102-10 (천왕동 천왕연지타운2단지),8350,,37.4840144134269,126.84334132511002,H,오류2동,126.83950458361203,37.48881469609833
134,134,구로구,개봉푸르지오,재건축,978,2014-05-21,남부순환로 775 (개봉동 개봉푸르지오),8236,,37.5015678689641,126.84716233519899,H,개봉1동,126.8511464334611,37.50026550778234
135,135,구로구,천왕공공원룸텔(천왕여성안심주택),기타임대,96,2015-01-29,천왕로50 (천왕동 천왕이펜하우스S) ,8365,,37.4816510776901,126.838660411132,H,오류2동,126.83950458361203,37.48881469609833
136,136,구로구,천왕지구7단지(행복주택),행복(공사 건설형),374,2015-10-27,천왕로 21 (천왕동 천왕이펜하우스7단지),8364,,37.4791754743291,126.83892949835199,H,오류2동,126.83950458361203,37.48881469609833
137,137,구로구,천왕2도시형생활주택(연지마을1),행복(공사 건설형),181,2017-09-01,오류로 36-13(오류동 천왕연지마을1단지),8350,,37.4881678642836,126.841306294557,H,오류2동,126.83950458361203,37.48881469609833
138,138,구로구,천왕2도시형생활주택(연지마을2),행복(공사 건설형),138,2017-09-01,오리로 1102-13(천왕동 천왕연지마을2단지),8350,,37.4846985836501,126.84241919652399,H,오류2동,126.83950458361203,37.48881469609833
139,139,구로구,천왕이펜하우스 8단지(천왕지구 8단지),행복(공사 건설형),298,2018-09-28,구로구 금오로882(천왕동 산19-1),8271,,37.476003627195,126.842316600653,H,오류2동,126.83950458361203,37.48881469609833
140,140,구로구,고척리본타운(고척동 156 장기전세),장기행복(공사 건설형),39,2018-09-28,구로구 고척로52나길25(고척동156 고척리본타운),8228,,37.5051267076885,126.857360185143,H,고척2동,126.85861178438097,37.50671145750116
141,141,구로구,항동하버라인8단지(항동지구 8단지),국민,384,2018-11-13,구로구 서해안로2036(항동218 항동하버라인),8368,,37.4756390746239,126.81869623305599,H,항동,126.8234097843423,37.480185313126995
142,142,구로구,항동하버라인3단지,국민,1170,2019-02-28,구로구 항동로 43(항동 171-4),8368,,37.4789283070837,126.82485615025298,H,항동,126.8234097843423,37.480185313126995
143,143,구로구,항동하버라인9단지,행복(공사 건설형),298,2019-02-28,구로구 항동로68(항동 136-1),8368,,37.480321801205605,126.825889091108,H,항동,126.8234097843423,37.480185313126995
144,144,구로구,항동하버라인10단지,행복(공사 건설형),297,2019-02-28,구로구 항동로 60(항동 135-57),8368,,37.4793797900634,126.825823102553,H,항동,126.8234097843423,37.480185313126995
145,145,구로구,항동하버라인11단지,행복(공사 건설형),276,2019-02-28,구로구 연동로 191-5(항동 184),8368,,37.4780610401388,126.822350583118,H,항동,126.8234097843423,37.480185313126995
146,146,구로구,항동하버라인4단지,국민,297,2019-06-11,구로구 항동로 72(항동 84일원),8368,,37.4812409169266,126.826622647744,H,항동,126.8234097843423,37.480185313126995
147,147,구로구,항동하버라인2단지,국민,646,2019-07-25,구로구 연동로234(항동 118-20),8368,,37.4817335214111,126.82197308068599,H,항동,126.8234097843423,37.480185313126995
148,148,금천구,시흥목련,주거환경,173,1996-09-16,금하로3길 26 (시흥동 시흥목련아파트),8615,,37.454335007285295,126.897439149193,H,시흥1동,126.90325068575228,37.45353926774916
149,149,금천구,관악벽산타운(시흥2-1),재개발,564,1998-04-21,금하로 793 (시흥동 벽산2단지아파트),8655,,37.4522124971915,126.91824542251899,H,시흥2동,126.91490525516842,37.44955854718203
150,150,금천구,시흥벽산(시흥1),재개발,1288,2002-11-06,금하로 796 (시흥동 벽산6단지아파트),8646,,37.449008282590604,126.91652591671699,H,시흥2동,126.91490525516842,37.44955854718203
151,151,금천구,백운한비치,재건축,112,2008-04-01,금하로23길 52 (시흥동 백운한비치Ⅱ),8571,,37.453577165157796,126.90934284814699,H,시흥5동,126.9083063072797,37.45240441788162
152,152,금천구,보린두레주택(금천구 시흥동),기타임대,10,2015-12-07,시흥대로24길 50 (시흥동),8652,,37.441273662350795,126.90716535818501,H,시흥3동,126.90578532073441,37.440336055550816
153,153,금천구,금천롯데캐슬골드파크1차,재건축,1743,2016-11-30,벚꽃로 40 (독산동 금천롯데캐슬골드파크1차아파트),8608,,37.4600583959704,126.89284527834499,H,독산1동,126.897043364446,37.4702351736748
154,154,노원구,하계5,영구임대,640,1989-11-15,섬밭로 201 (하계동 시영아파트),1862,,37.6338833229289,127.065928131029,H,하계2동,127.0679781735031,37.63204009452397
155,155,노원구,중계4,공공임대,1979,1991-12-05,노원로19길 31 (중계동 목화아파트),1787,,37.6434855774499,127.068752742909,H,중계2.3동,127.06873516173235,37.64211266811243
156,156,노원구,중계3,영구임대,2619,1991-12-15,노원로 331 (중계동 시영3단지목련아파트),1786,,37.6461774551145,127.069660011248,H,중계2.3동,127.06873516173235,37.64211266811243
157,157,노원구,공릉1,영구임대,1395,1994-12-08,동일로 1127 (공릉동 공릉1단지아파트),1851,,37.62958966813879,127.069854784391,H,공릉1동,127.07382131176637,37.62483590103203
158,158,노원구,월계사슴1,영구임대,1372,1995-06-29,월계로 372 (월계동 월계사슴1단지아파트),1905,,37.6292472102426,127.05966412459499,H,월계3동,127.0692594417589,37.621014877367806
159,159,노원구,월계사슴2,공공임대,775,1995-06-29,월계로55길 16 (월계동 월계사슴2단지아파트),1864,,37.6329577724641,127.06048641008101,H,월계3동,127.0692594417589,37.621014877367806
160,160,노원구,학여울청구A(하계2),재개발,486,1997-09-23,동일로207길 186 (하계동 학여울청구아파트),1775,,37.6379505721363,127.059799450654,H,하계2동,127.0679781735031,37.63204009452397
161,161,노원구,월계청백1,공공임대,1147,1998-08-01,초안산로 89 (월계동 월계청백1단지아파트),1869,,37.6358329336481,127.051919208479,H,월계2동,127.0507448981587,37.63249204970492
162,162,노원구,상계은빛3,공공임대,900,1998-10-15,동일로250길 17 (상계동 은빛3단지아파트),1621,,37.6824622661205,127.05677088095699,H,상계1동,127.0549489044653,37.67990705367882
163,163,노원구,양지대림2(중계4-2),재개발,331,1999-03-16,덕릉로77길 27 (중계동 양지대림2차아파트),1706,,37.654723748281796,127.072761961906,H,중계1동,127.07748859128985,37.652547838914
164,164,노원구,양지대림1(중계4-1),재개발,468,1999-05-15,덕릉로73길 31 (중계동 양지대림아파트),1708,,37.6522397501544,127.07111957017901,H,중계1동,127.07748859128985,37.652547838914
165,165,노원구,공릉2-6,공공임대,691,1999-10-07,화랑로51길 81 (공릉동 공릉아파트),1800,,37.62503484263679,127.08740011882799,H,공릉2동,127.08329651641624,37.621308535361855
166,166,노원구,상계불암대림(상계7),재개발,206,1999-12-01,덕릉로94가길 41 (상계동 상계불암대림아파트),1649,,37.6640399154787,127.07767881678801,H,상계3.4동,127.0832317470677,37.672913304688635
167,167,노원구,상계동아불암(상계3-1),재개발,434,2000-02-01,덕릉로112길 13 (상계동 동아불암아파트),1647,,37.6660290890895,127.07824147448099,H,상계3.4동,127.0832317470677,37.672913304688635
168,168,노원구,상계불암현대(상계3-2),재개발,472,2000-03-01,덕릉로118길 27 (상계동 불암현대아파트),1646,,37.6681161841812,127.08042327433701,H,상계3.4동,127.0832317470677,37.672913304688635
169,169,노원구,상계마들,영구임대,170,2001-06-15,덕릉로70가길 101 (상계동 상계마들아파트),1772,,37.641975563004706,127.05702445100701,H,상계6.7동,127.06696547975842,37.65488602435384
170,170,노원구,학여울청구B(하계2B),재개발,378,2001-11-17,한글비석로 6 (하계동 학여울청구아파트),1862,,37.6326219394538,127.064467271469,H,하계2동,127.0679781735031,37.63204009452397
171,171,노원구,온수연립주택,기타임대,15,2003-01-10,동일로239나길 27 (상계동 온수연립),1133,,37.6764091148215,127.05130167600599,H,상계1동,127.0549489044653,37.67990705367882
172,172,노원구,상계장암3단지(수락산리버시티3단지),국민장기,696,2009-12-04,누원로 28 (상계동 수락리버시티 3단지),1600,,37.6874771708146,127.053554777755,H,상계1동,127.0549489044653,37.67990705367882
173,173,노원구,상계장암4단지(수락산리버시티4단지),국민장기,548,2009-12-04,누원로 18 (상계동 수락리버시티4단지),1601,,37.6862145785044,127.05287273244,H,상계1동,127.0549489044653,37.67990705367882
174,174,노원구,공릉공공원룸텔(희망하우징),기타임대,14,2013-03-04,화랑로51가길 3 (공릉동),1801,,37.6236798487776,127.09003618003901,H,공릉2동,127.08329651641624,37.621308535361855
175,175,노원구,공릉동 657-7 기숙사(희망하우징),기타임대,43,2014-02-20,화랑로 464 (공릉동),1803,,37.618508520701205,127.07886084284401,H,공릉1동,127.07382131176637,37.62483590103203
176,176,노원구,중계한화꿈에그린,재건축,283,2014-09-01,중계로8길 29 (중계동 한화꿈에그린아파트),1727,,37.648008081905104,127.08326944194201,H,중계본동,127.08030745681518,37.647828407074385
177,177,노원구,중계센트럴파크,국민장기,457,2016-03-17,덕릉로70가길 21 (상계동 중계센트럴파크),1772,,37.642856915724,127.059019420457,H,상계6.7동,127.06696547975842,37.65488602435384
178,178,노원구,수락리버타운(행복주택),행복(공사 건설형),48,2016-12-01,누원로 19 (상계동),1601,,37.6872622204376,127.05250217845399,H,상계1동,127.0549489044653,37.67990705367882
179,179,노원구,녹천역 두산위브(월계4구역),재개발,326,2017-03-29,마들로5길25(월계동 녹천두산위브),1866,,37.640983805255296,127.05225647018699,H,월계2동,127.0507448981587,37.63249204970492
180,180,노원구,상계역센트럴푸르지오(상계4),재개발,785,2020-01-01,노원구 수락산로 12(상계동 85-33),1639,,37.664408007496,127.07496927540701,H,상계3.4동,127.0832317470677,37.672913304688635
181,181,도봉구,도봉서원,주거환경,734,1996-10-15,마들로 684-20 (도봉동 서원아파트),1330,,37.669860782798295,127.047008349226,H,도봉2동,127.04654920347146,37.66971518632491
182,182,도봉구,도봉서광,주거환경,159,1999-09-27,마들로 770 (도봉동 서광아파트),1323,,37.6790159706909,127.05012893985099,H,도봉2동,127.04654920347146,37.66971518632491
183,183,도봉구,북한산코오롱하늘채(쌍문1),재개발,293,2013-10-25,우이천로 367 (쌍문동 북한산코오롱하늘채아파트),1370,,37.6478841889324,127.02407038740401,H,쌍문1동,127.02608027919543,37.648029450758486
184,184,도봉구,방학두레주택,기타임대,8,2013-12-29,시루봉로15라길 63 (방학동),1314,,37.6708076703281,127.032742701418,H,방학2동,127.03498262310778,37.668248784248235
185,185,동대문구,청량리한신(청량리4),재개발,610,1997-07-01,제기로 129 (청량리동 한신아파트),2463,,37.5874901917915,127.047645793449,H,청량리동,127.04728971940368,37.586251109549686
186,186,동대문구,전농동아(답십리6-4),재개발,220,1997-11-04,서울시립대로 31 (전농동 동아아파트),2591,,37.5753105451014,127.045864474612,H,전농1동,127.04770565866431,37.57804108959499
187,187,동대문구,답십리동아(답십리8),재개발,492,1999-09-01,한천로11길 10 (답십리동 동아아파트),2612,,37.5686194800469,127.06100563147801,H,답십리2동,127.06128631088782,37.56732739709645
188,188,동대문구,답십리청솔우성(답십리7),재개발,432,2000-05-16,답십리로57길 53 (답십리동 답십리청솔우성아파트),2536,,37.5748397713064,127.06117620776399,H,답십리2동,127.06128631088782,37.56732739709645
189,189,동대문구,이문현대(이문1),재개발,188,2000-07-07,한천로58길 135 (이문동 현대아파트),2422,,37.602297759946396,127.070735664827,H,이문2동,127.06511640767623,37.603379479365486
190,190,동대문구,전농SK(전농4),재개발,848,2000-07-20,전농로10길 111 (전농동 전농SK아파트),2532,,37.577540723776394,127.06315013976999,H,전농2동,127.06002263958206,37.57804267743348
191,191,동대문구,전농삼성(전농5),재개발,139,2000-08-31,전농로 190 (전농동 전농동삼성아파트),2505,,37.58132979519,127.05556074305201,H,전농2동,127.06002263958206,37.57804267743348
192,192,동대문구,제기한신(제기2),재개발,260,2000-09-01,회기로8길 20 (제기동 한신아파트),2467,,37.5905325185543,127.039762529212,H,제기동,127.03781841472248,37.583115463995185
193,193,동대문구,답십리두산(답십리9),재개발,310,2000-09-20,답십리로56길 21-1 (답십리동 두산아파트),2613,,37.5697768024358,127.05924876992201,H,답십리2동,127.06128631088782,37.56732739709645
194,194,동대문구,이문쌍용,재개발,245,2001-02-21,한천로58길 75-45 (이문동 쌍용아파트),2423,,37.6015332826351,127.067796621969,H,이문2동,127.06511640767623,37.603379479365486
195,195,동대문구,답십리대우(답십리11),재개발,108,2001-04-30,답십리로41길 7 (답십리동 답십리대우아파트),2542,,37.573086457402205,127.054512046092,H,답십리1동,127.05010464185966,37.569765360117536
196,196,동대문구,홍릉동부(청량리5),재개발,150,2001-10-29,제기로26길 26 (청량리동 동부센트레빌아파트),2484,,37.5853509784701,127.045087161304,H,청량리동,127.04728971940368,37.586251109549686
197,197,동대문구,이문중앙하이츠빌(이문4),재개발,372,2002-07-11,휘경로11길 52 (이문동 중앙하이츠빌),2427,,37.596997635081394,127.064857083472,H,이문1동,127.06550563065112,37.59782195405225
198,198,동대문구,답십리대림(답십리10),재개발,275,2002-12-03,답십리로60길 38 (답십리동 대림아파트),2609,,37.571058000386294,127.063777776392,H,답십리2동,127.06128631088782,37.56732739709645
199,199,동대문구,이문대림(이문3),재개발,181,2003-06-25,이문로54길 16 (이문동 이문e편한세상아파트),2407,,37.6048015601149,127.06286740810499,H,이문2동,127.06511640767623,37.603379479365486
200,200,동대문구,신이문어울림,재건축,166,2009-03-31,신이문로 9 (이문동 신이문 금호어울림),2406,,37.6031629394921,127.06335411761299,H,이문2동,127.06511640767623,37.603379479365486
201,201,동대문구,용두두산위브(용두2),재개발,95,2009-04-15,정릉천동로 16 (용두동 용두두산위브),2590,,37.5734678565527,127.03530648146901,H,용신동,127.03726228192635,37.57580677816467
202,202,동대문구,답십리래미안,재개발,52,2009-05-25,한천로33길 11 (답십리동 래미안엘파인아파트),2535,,37.5756742674357,127.066994327968,H,답십리2동,127.06128631088782,37.56732739709645
203,203,동대문구,래미안용두1차(용두1),재개발,210,2010-03-26,고산자로29길 18 (용두동 래미안허브리츠),2567,,37.576385112979395,127.03701883967199,H,용신동,127.03726228192635,37.57580677816467
204,204,동대문구,래미안아름숲(전농6),재개발,148,2010-12-06,전농로16길 51 (전농동 래미안아름숲),2508,,37.5783342071942,127.06043834686399,H,전농2동,127.06002263958206,37.57804267743348
205,205,동대문구,휘경센트레빌(휘경2),재개발,297,2011-01-03,외대역동로 14 (휘경동 휘경센트레빌),2502,,37.590968383344105,127.068673152616,H,휘경2동,127.06862390115789,37.59010769423272
206,206,동대문구,청계한신휴플러스,재건축,725,2011-01-20,서울시립대로 14 (답십리동 청계한신휴플러스),2593,,37.5720742467292,127.047273509268,H,답십리1동,127.05010464185966,37.569765360117536
207,207,동대문구,일성트루엘,재건축,116,2011-07-08,천호대로83길 71-7 (장안동 일성트루엘아파트),2629,,37.5654420441831,127.065353778228,H,장안1동,127.06643470060439,37.56783277377976
208,208,동대문구,브라운스톤휘경(휘경4),재개발,451,2012-01-27,망우로20길 86 (휘경동 브라운스톤 휘경),2501,,37.589997998738106,127.06553172158999,H,휘경2동,127.06862390115789,37.59010769423272
209,209,동대문구,래미안크레시티(전농7),재개발,2397,2013-05-03,사가정로 65 (전농동 래미안크레시티아파트),2553,,37.5755060418781,127.04969586048401,H,전농1동,127.04770565866431,37.57804108959499
210,210,동대문구,래미안위브(답십리16),재개발,2652,2014-10-06,답십리로 130 (답십리동 래미안위브아파트),2598,,37.5728549565736,127.052401156065,H,답십리1동,127.05010464185966,37.569765360117536
211,211,동대문구,용두롯데캐슬리치(용두4구역),재개발,311,2015-03-17,한빛로 73 (용두동 용두롯데캐슬리치),2577,,37.5794166564464,127.030514636279,H,용신동,127.03726228192635,37.57580677816467
212,212,동대문구,휘경마을 두레주택,기타임대,6,2017-08-28,망우로18다길 31-5(휘경동),2498,,37.5860585029968,127.061159234062,H,휘경2동,127.06862390115789,37.59010769423272
213,213,동대문구,동대문롯데캐슬노블레스(전농11구역),재개발,584,2018-07-02,답십리로 23길 30(전농동),2551,,37.576724483690796,127.04963146383301,H,전농1동,127.04770565866431,37.57804108959499
214,214,동대문구,래미안미드카운티(답십리18구역),재개발,1009,2018-07-17,답십리로 141,2540,,37.573343063189604,127.055281769593,H,답십리1동,127.05010464185966,37.569765360117536
215,215,동대문구,힐스테이트 청계(대농신안),행복(재건축),764,2018-09-28,동대문구 천호대로55길 11(답십리동465 힐스테이트청계),2597,,37.5715355323262,127.04615896391,H,답십리1동,127.05010464185966,37.569765360117536
216,216,동대문구,답십리파크자이아파트(답십리14구역),재개발행복(리츠2호),802,2019-01-25,동대문구 답십리로56길 105(답십리동 25),2616,,37.5677909536631,127.058454852832,H,답십리2동,127.06128631088782,37.56732739709645
217,217,동대문구,휘경SK VIEW(휘경2구역),재개발재건축행복(재건축리츠2호),900,2019-06-04,동대문구 휘경로 60(휘경동 128-12),2434,,37.59372708753529,127.06492784530799,H,휘경1동,127.06579124432037,37.59296725363674
218,218,동대문구,한양수자인 사가정파크(면목1),행복(재건축),497,2019-12-16,중랑구 사가정로72길 26(면목동 520-19),2260,,37.58007117471929,127.093430676323,H,면목7동,127.08698527285354,37.57901337810113
219,219,동작구,상도삼호(상도5),재개발,682,1994-02-28,상도로 407 (상도동 삼호아파트),7026,,37.4939173850834,126.95777327344999,H,상도1동,126.94974533151786,37.50323181885924
220,220,동작구,신대방,주거환경,108,1995-05-18,보라매로 83 (신대방동 신대방아파트),7060,,37.4966586765235,126.92733976822299,H,신대방2동,126.9259318691211,37.49894491651097
221,221,동작구,흑석청호,주거환경,346,1997-11-04,서달로2길 29 (흑석동 청호아파트),6986,,37.5019032323692,126.96273478059601,H,흑석동,126.96659075316671,37.505775015361046
222,222,동작구,상도건영(본동2-2),재개발,552,1997-11-11,만양로 26 (상도동 건영아파트),6918,,37.507630530345104,126.94954355112301,H,노량진1동,126.9420162213609,37.51230680241965
223,223,동작구,사당신동아(사당5),재개발,333,1999-03-17,동작대로29길 118 (사당동 신동아아파트),6998,,37.4910414805382,126.977148222194,H,사당2동,126.97925342785726,37.48875249863833
224,224,동작구,상도신동아(상도1),재개발,925,2000-11-04,만양로 19 (노량진동 신동아리버파크아파트),6920,,37.507072554150795,126.945718535991,H,노량진1동,126.9420162213609,37.51230680241965
225,225,동작구,상도래미안1차(상도2),재개발,164,2002-12-28,등용로 37 (상도동 상도래미안1차아파트),6948,,37.50523976365471,126.933133919908,H,상도2동,126.94231104264887,37.505466519492
226,226,동작구,상도3쌍용,재개발,65,2004-02-02,상도로 107 (상도동 쌍용스윗닷홈),6952,,37.502402302073996,126.931069219375,H,상도3동,126.93132819151172,37.499204062402576
227,227,동작구,본동한신휴플러스(본동2-3),재개발,134,2004-08-12,매봉로 99 (본동 한신휴플러스아파트),6916,,37.5092063004735,126.949130228239,H,노량진1동,126.9420162213609,37.51230680241965
228,228,동작구,본동SH-ville(본동4),재개발,176,2006-11-08,노량진로22길 60 (본동 본동 에스에이치빌),6915,,37.5107890642112,126.94968925445299,H,노량진1동,126.9420162213609,37.51230680241965
229,229,동작구,상도SH-ville(상도4),재개발,953,2006-11-08,상도로53길 70 (상도동 상도에스에이치빌),6977,,37.502534581317,126.95454096043899,H,상도1동,126.94974533151786,37.50323181885924
230,230,동작구,흑석한강센트레빌(흑석5),재개발,655,2011-06-01,흑석한강로 12 (흑석동 흑석한강센트레빌),6981,,37.505179835932296,126.96451251384501,H,흑석동,126.96659075316671,37.505775015361046
231,231,동작구,두산위브(사당),재건축,451,2011-11-07,사당로13길 31 (사당동 두산위브 트레지움),7004,,37.4858029952773,126.97125478036502,H,사당3동,126.97208541295585,37.48662464363699
232,232,동작구,래미안트윈파크(본동5),재개발,523,2012-01-03,노량진로23가길 23 (본동 래미안 트윈파크),6902,,37.5133034686366,126.951782471081,H,노량진1동,126.9420162213609,37.51230680241965
233,233,동작구,흑석한강푸르지오(흑석4),재개발,863,2012-07-23,흑석한강로 27 (흑석동 흑석한강푸르지오),6981,,37.5040994188129,126.966284444741,H,흑석동,126.96659075316671,37.505775015361046
234,234,동작구,흑석한강센트레빌2차(흑석6),재개발,963,2013-01-16,서달로 91 (흑석동 흑석한강센트레빌2차),6975,,37.5031656177406,126.95889097964701,H,흑석동,126.96659075316671,37.505775015361046
235,235,동작구,사당동 303-187 공공원룸텔(구 303-37),기타임대,30,2014-09-15,남부순환로255다길 20 (사당동),7021,,37.4774862621388,126.97137644856701,H,사당1동,126.97867156418748,37.48315533173558
236,236,동작구,상도동 효성해링턴플레이스,재건축,202,2016-04-19,상도로 207 (상도동 상도효성해링턴플레이스),6921,,37.5055712636346,126.941856308051,H,상도2동,126.94231104264887,37.505466519492
237,237,동작구,상도두산위브트레지움,재건축,582,2016-08-26,상도로30길 40 (상도동 상도2차두산위브트레지움아파트),6964,,37.5043182643342,126.94246698096599,H,상도2동,126.94231104264887,37.505466519492
238,238,동작구,상도파크자이(상도제10구역),재개발,471,2016-09-08,장승배기로11가길 11 (상도동 상도파크자이),6937,,37.5055659930949,126.938911240196,H,노량진2동,126.93735932013962,37.508531018191846
239,239,동작구,래미안 로이파크(사당1구역),행복(재건축),668,2018-09-28,사당로 23길 112(사당동16 래미안로이파크),7001,,37.487795732999295,126.973472134901,H,사당3동,126.97208541295585,37.48662464363699
240,240,동작구,아크로리버하임(흑석7구역),재개발행복(리츠2호),1073,2018-11-26,동작구 현충로 52(흑석동 아크로리버하임),6909,,37.5096317962488,126.96220421279101,H,흑석동,126.96659075316671,37.505775015361046
241,241,동작구,에듀포레아파트(흑석8구역),재개발행복(리츠2호),545,2018-12-01,동작구 서달로 123(흑석동 232-55),6973,,37.5042118646331,126.959673143176,H,흑석동,126.96659075316671,37.505775015361046
242,242,동작구,e편한세상상도노빌리티(상도대림),행복(재건축),893,2019-10-07,동작구 만양로 6(상도동 903),6919,,37.504957029988205,126.946987772934,H,상도2동,126.94231104264887,37.505466519492
243,243,동작구,학수복합,행복(리츠2호),7,2020-01-31,사당로27길 215(사당3동 177-1),6989,,37.4914641642076,126.970710860325,H,사당3동,126.97208541295585,37.48662464363699
244,244,마포구,성산,영구임대,1807,1991-07-10,월드컵로 207 (성산동 도시개발공사성산아파트),3953,,37.564627050820796,126.901479910776,H,성산2동,126.90899709145033,37.56865612002697
245,245,마포구,염리상록,주거환경,678,1997-09-09,숭문길 106 (염리동 상록아파트),4127,,37.5509248817864,126.946795894081,H,염리동,126.94565571695962,37.547061962051885
246,246,마포구,창전삼성,재개발,311,1997-12-01,서강로 95 (창전동 창전동삼성아파트),4064,,37.55204413375021,126.93210009501301,H,서강동,126.9320305511775,37.54774687230983
247,247,마포구,도화현대2차,재개발,793,1998-12-14,새창로8길 72 (도화동 현대2차아파트),4180,,37.5386455029351,126.951342079019,H,도화동,126.94988256330043,37.541549716235735
248,248,마포구,공덕삼성(공덕1),재개발,226,1999-12-06,마포대로 115-8 (공덕동 공덕삼성아파트),4145,,37.545915009317795,126.950622303108,H,아현동,126.95590370163207,37.554483251679514
249,249,마포구,마포태영(대흥태영),재개발,568,2000-02-01,독막로 266 (대흥동 대흥동태영아파트),4153,,37.543867543393795,126.942389642584,H,용강동,126.94277604266684,37.54227449400425
250,250,마포구,신공덕삼성,재개발,376,2000-08-14,백범로37길 6 (신공덕동 신공덕1차삼성래미안아파트),4193,,37.5424116582398,126.956352224718,H,공덕동,126.96003451324378,37.55017434738842
251,251,마포구,신공덕2삼성,재개발,103,2001-02-10,만리재로 74 (신공덕동 신공덕2차삼성래미안),4187,,37.546484180925106,126.95887919812901,H,공덕동,126.96003451324378,37.55017434738842
252,252,마포구,염리삼성,재개발,109,2001-04-20,백범로25길 83 (염리동 염리삼성래미안),4139,,37.5498379190734,126.94780903958599,H,염리동,126.94565571695962,37.547061962051885
253,253,마포구,공덕2삼성(공덕2),재개발,199,2002-09-27,만리재옛길 101 (공덕동 삼성래미안공덕2차아파트),4204,,37.5513236897965,126.96092871193301,H,공덕동,126.96003451324378,37.55017434738842
254,254,마포구,상암월드컵1,공공임대,820,2003-09-30,월드컵북로47길 8 (상암동 상암월드컵아파트 1단지),3913,,37.5747581541862,126.89333986910101,H,상암동,126.89468943321278,37.57832090509381
255,255,마포구,외국인임대(DMC빌),외국인,175,2007-09-01,월드컵북로60길 13 (상암동 DMC VILLE(외국인임대주택)),3921,,37.5823437577897,126.88467066724199,H,상암동,126.89468943321278,37.57832090509381
256,256,마포구,상암3-8단지,국민,840,2008-02-16,월드컵로42길 12 (상암동 상암월드컵8단지),3906,,37.5780610839874,126.882677462253,H,상암동,126.89468943321278,37.57832090509381
257,257,마포구,망원동 동원데자뷰,재건축,101,2009-03-31,방울내로9안길 57 (망원동 동원데자뷰아파트),3955,,37.5603473521136,126.90023206968901,H,망원2동,126.90232505491558,37.560311170207655
258,258,마포구,월드컵아이파크1차,재건축,320,2009-03-31,모래내로9길 6 (성산동 월드컵아이파크),3952,,37.56713225547129,126.91415524816799,H,성산2동,126.90899709145033,37.56865612002697
259,259,마포구,월드컵아이파크2차,재건축,70,2009-03-31,모래내로9길 3 (성산동 월드컵아이파크),3952,,37.5669075817354,126.91333928814,H,성산2동,126.90899709145033,37.56865612002697
260,260,마포구,상암월드컵파크11단지(상암2지구1단지),국민장기,588,2010-06-27,월드컵북로 502-37 (상암동 상암월드컵파크11단지),3916,,37.587757000688896,126.882286460975,H,상암동,126.89468943321278,37.57832090509381
261,261,마포구,상암월드컵파크10단지(상암2지구3단지),국민장기,861,2010-07-24,월드컵북로 502-36 (상암동 상암월드컵파크10단지),3918,,37.5863328492209,126.88197270652701,H,상암동,126.89468943321278,37.57832090509381
262,262,마포구,상암월드컵파크9단지(상암2지구4단지),국민장기,1036,2010-10-28,월드컵북로 501 (상암동 상암월드컵파크9단지),3902,,37.584799731744,126.878170672181,H,상암동,126.89468943321278,37.57832090509381
263,263,마포구,상암월드컵파크12단지(상암2지구2단지),국민장기,380,2010-10-30,월드컵북로 502-7 (상암동 상암월드컵파크12단지),3915,,37.5868307330562,126.88071335805,H,상암동,126.89468943321278,37.57832090509381
264,264,마포구,래미안공덕5차(공덕5),재개발,794,2011-04-01,마포대로 173-15 (공덕동 래미안 공덕5차),4131,,37.5511905478627,126.95218256335,H,아현동,126.95590370163207,37.554483251679514
265,265,마포구,연남동희망하우징,기타임대,30,2012-12-10,성미산로17길 79 (연남동 서울공공주택연남동희망원룸),3974,,37.5650216839859,126.91719834745399,H,연남동,126.9220774376252,37.564571353589294
266,266,마포구,메세나폴리스(합정1),재개발,617,2013-04-03,양화로 45 (서교동 메세나폴리스),4036,,37.551500803020296,126.91395024016,H,서교동,126.91459072347962,37.55510931339116
267,267,마포구,마포자이2차(대흥3),재개발,558,2014-04-10,서강대길 40 (대흥동 마포자이2차아파트),4111,,37.549185727516,126.941187710057,H,대흥동,126.94341748088685,37.54994771023627
268,268,마포구,래미안마포리버웰(용강2),재개발,563,2014-07-31,토정로31길 23 (용강동 마포 리버웰),4161,,37.541632256874706,126.94147969319201,H,용강동,126.94277604266684,37.54227449400425
269,269,마포구,래미안밤섬리베뉴1차(상수1),재개발,429,2014-11-19,독막로20나길 22 (상수동 래미안 밤섬리베뉴Ⅰ),4076,,37.546069394536794,126.92489478674801,H,서강동,126.9320305511775,37.54774687230983
270,270,마포구,래미안밤섬리베뉴2차(상수2),재개발,530,2014-11-19,독막로20나길 21 (상수동 래미안 밤섬리베뉴Ⅱ),4077,,37.546874212794705,126.92697941178301,H,서강동,126.9320305511775,37.54774687230983
271,271,마포구,e편한세상 마포리버파크(용강3),재개발,547,2015-02-25,토정로31길 24 (용강동 e편한세상 마포3차),4166,,37.542354434051106,126.943758267542,H,용강동,126.94277604266684,37.54227449400425
272,272,마포구,공덕자이(아현4),재개발,201,2015-08-10,마포대로26길 22 (아현동 공덕자이 아파트),4202,,37.554674962117794,126.95883780385401,H,공덕동,126.96003451324378,37.55017434738842
273,273,마포구,현석2구역,재개발,773,2016-02-24,토정로18길 11 (현석동 래미안웰스트림),4091,,37.543864056619796,126.93481703083201,H,신수동,126.93522686585762,37.547020661932734
274,274,마포구,아현 I-PARK(아현1-3),재개발,497,2017-03-23,마포대로 246(아현동 아현 I-PARK),4201,,37.5553484618819,126.958591621215,H,공덕동,126.96003451324378,37.55017434738842
275,275,마포구,마포자이3차(염리2구역),재개발행복(리츠2호),927,2018-10-01,마포구 숭문길 98(염리동 45),4126,,37.550269334864204,126.94663928631999,H,염리동,126.94565571695962,37.547061962051885
276,276,마포구,마포 창전1단지,행복(재건축),276,2019-10-07,마포구 서강로3길 32(창전동 27-19),4065,,37.5500194027625,126.930844440849,H,서강동,126.9320305511775,37.54774687230983
277,277,마포구,신수1단지,행복(재건축),1015,2019-10-07,마포구 광성로 17(신수동 93-102),4094,,37.5503145126327,126.935520056689,H,신수동,126.93522686585762,37.547020661932734
278,278,서대문구,홍제유원(홍제1),재개발,150,1994-08-01,세검정로 134 (홍제동 유원하나아파트),3620,,37.5946849738052,126.95190891783899,H,홍제3동,126.94974338256897,37.59378217899066
279,279,서대문구,홍은벽산(홍은5-3),재개발,1509,1995-06-01,세검정로1길 95 (홍은동 홍은벽산아파트),3612,,37.5958254221961,126.945620839841,H,홍은1동,126.94710825121133,37.59891667789893
280,280,서대문구,북가좌삼호(북가좌2),재개발,267,1995-12-15,거북골로 154 (북가좌동 북가좌삼호아파트),3690,,37.57656260782029,126.91378352495701,H,북가좌2동,126.91120495158435,37.58150598085826
281,281,서대문구,인왕산현대(홍제4),재개발,246,1998-04-07,통일로34길 46 (홍제동 인왕산현대아파트),3633,,37.585857051513294,126.949957261207,H,홍제2동,126.94939526673107,37.58615242768815
282,282,서대문구,홍제원현대(홍제3),재개발,482,1998-04-28,통일로34길 43 (홍제동 홍제원현대아파트),3631,,37.5883357243751,126.94879449863501,H,홍제2동,126.94939526673107,37.58615242768815
283,283,서대문구,독립문극동(현저4),재개발,600,1998-08-20,독립문공원길 17 (현저동 독립문극동아파트),3733,,37.5723811886189,126.955198449007,H,천연동,126.95840436592846,37.56748013604264
284,284,서대문구,남가좌현대(남가좌6),재개발,330,1998-12-01,가재울로 45 (남가좌동 남가좌동현대아파트),3710,,37.5756789046811,126.92084711121001,H,남가좌2동,126.92387430912281,37.57844784858833
285,285,서대문구,DMC래미안클라시스(남가좌7),재개발,358,2000-10-04,증가로 191 (남가좌동 남가좌삼성아파트),3686,,37.5784941245016,126.917389582862,H,남가좌2동,126.92387430912281,37.57844784858833
286,286,서대문구,냉천동부(냉천),재개발,76,2001-09-14,독립문로14길 64-6 (냉천동 동부센트레빌아파트),3745,,37.566976533779794,126.96093740312901,H,천연동,126.95840436592846,37.56748013604264
287,287,서대문구,가재울아이파크(가재울뉴타운1),재개발,452,2009-02-02,거북골로14길 32 (북가좌동 DMC아이파크아파트),3690,,37.5769549472376,126.91446683605,H,북가좌2동,126.91120495158435,37.58150598085826
288,288,서대문구,DMC센트레빌(가재울뉴타운2),재개발,473,2009-07-01,거북골로 120 (남가좌동 DMC센트레빌아파트),3690,,37.5754832622486,126.916097519773,H,남가좌2동,126.92387430912281,37.57844784858833
289,289,서대문구,홍은센트레빌(홍은10),재개발,48,2009-08-30,통일로 553 (홍은동 홍은 센트레빌),3647,,37.5972184006335,126.938208039041,H,홍은2동,126.93422909114362,37.58015154435787
290,290,서대문구,돈의문센트레빌(서대문센트레빌),재개발,120,2009-09-30,독립문로14길 33 (냉천동 돈의문센트레빌),3746,,37.5659199197267,126.95928946746099,H,천연동,126.95840436592846,37.56748013604264
291,291,서대문구,동원베네스트,재건축,195,2012-02-07,홍은중앙로1길 65 (홍은동 동원베네스트아파트),3613,,37.5984834346677,126.944456625497,H,홍은1동,126.94710825121133,37.59891667789893
292,292,서대문구,DMC래미안e편한세상(가재울뉴타운3),재개발,3293,2012-11-26,수색로 100 (북가좌동 DMC래미안e편한세상),3709,,37.5747271873697,126.90781488868,H,북가좌1동,126.91020369483414,37.57434412377358
293,293,서대문구,북아현1-2구역(아현역푸르지오),재개발,940,2015-12-30,북아현로1길 50 (북아현동아현역푸르지오),3770,,37.559690000903004,126.952811165218,H,북아현동,126.95690573733543,37.55957245461398
294,294,서대문구,홍제금호어울림,재건축,296,2016-04-19,모래내로 411 (홍제동 홍제금호어울림),3644,,37.58505729176861,126.940908608914,H,홍제1동,126.9449740098365,37.58772178075043
295,295,서대문구,DMC파크뷰자이(가재울4),재개발,4300,2016-05-12,가재울미래로 2 (남가좌동 DMC파크뷰자이),3711,,37.5744203632344,126.91789737941099,H,남가좌1동,126.91978625354398,37.57327343428088
296,296,서대문구,e편한세상신촌아파트(북아현1-3구역),재개발행복(리츠2호),2236,2017-02-17,북아현로1가길 20(북아현동 e편한세상신촌 1단지) ,3768,,37.558068083906605,126.95139905614201,H,북아현동,126.95690573733543,37.55957245461398
297,297,서대문구,북한산더샵(홍은12),재개발,552,2018-01-02,통일로510(홍은동 북한산 더샵),3615,,37.594570187466005,126.941167410528,H,홍은1동,126.94710825121133,37.59891667789893
298,298,서대문구,홍제센트럴아이파크아파트(홍제2구역),재개발행복(리츠2호),906,2018-12-31,서대문구 통일로 395(홍제동 156),3730,,37.5846147512232,126.944491273195,H,홍제1동,126.9449740098365,37.58772178075043
299,299,서대문구,연희파크푸르지오,행복(재건축),396,2019-10-07,서대문구 홍제천로136(연희동 747),3695,,37.5751372720408,126.92751070722299,H,연희동,126.93523075193143,37.573910010422026
300,300,서대문구,DMC센트럴아이파크,행복(재건축),1061,2019-10-07,서대문구 증가로 150(남가좌동 388),3670,,37.5780547612815,126.92101916232001,H,남가좌2동,126.92387430912281,37.57844784858833
301,301,서대문구,북한산 두산위브(홍은14구역),재개발행복(리츠2호),457,2019-11-30,서대문구 홍은중앙로3길 9(홍은동19-19),3610,,37.5990017774988,126.944654295681,H,홍은1동,126.94710825121133,37.59891667789893
302,302,서대문구,DMC에코자이,재개발,994,2020-01-01,서대문구 거북골로84(남가좌동 224-1),3610,,37.5782296308468,126.918481311495,H,남가좌2동,126.92387430912281,37.57844784858833
303,303,서대문구,래미안루센티아,재개발행복(리츠2호),939,2020-02-24,거북골로 100(남가좌동175),3689,,37.5757183902937,126.918235566311,H,남가좌2동,126.92387430912281,37.57844784858833
304,304,서초구,방배SH-ville(방배2),재개발,81,2005-08-16,과천대로 908 (방배동 방배에스에이치빌아파트),6760,,37.472047645199204,126.983478787028,H,방배2동,126.9855736446241,37.47982624701295
305,305,서초구,래미안서초스위트,재건축,392,2009-06-05,서운로 221 (서초동 래미안서초스위트아파트),6608,,37.5020971910471,127.019869045005,H,서초4동,127.02408896564856,37.50272828123128
306,306,서초구,반포자이,재건축,3410,2009-06-05,신반포로 270 (반포동 반포자이아파트),6544,,37.5078602234885,127.011582043737,H,반포1동,127.01337714858089,37.50509061438031
307,307,서초구,서초두산위브트레지움,재건축,98,2009-06-05,서운로 194 (서초동 두산위브트레지움아파트),6613,,37.500538383477796,127.023203781862,H,서초4동,127.02408896564856,37.50272828123128
308,308,서초구,래미안퍼스티지,재건축,2444,2009-09-10,반포대로 275 (반포동 래미안퍼스티지아파트),6547,,37.50239026845939,126.995965286053,H,반포2동,126.9945035076517,37.50459388896943
309,309,서초구,서초교대이편한세상,재건축,435,2010-03-05,서초중앙로24길 33 (서초동 서초교대이편한세상),6603,,37.4957534654582,127.017054758494,H,서초4동,127.02408896564856,37.50272828123128
310,310,서초구,반포리체,재건축,1119,2011-04-20,고무래로 35 (반포동 반포리체아파트),6597,,37.504467489825004,127.012454510399,H,반포1동,127.01337714858089,37.50509061438031
311,311,서초구,우면2지구 다세대(네이처힐가든),기타임대,115,2011-10-04,형촌길 60 (우면동 네이처힐 가든),6765,,37.464530580729104,127.020136264192,H,양재1동,127.02672880394384,37.47163933132787
312,312,서초구,우면2-4(서초네이처힐4단지),국민장기,409,2011-12-21,태봉로2길 65 (우면동 서초네이처힐4단지),6764,,37.4641257392669,127.02578793379999,H,양재1동,127.02672880394384,37.47163933132787
313,313,서초구,우면2-5(서초네이처힐5단지),국민장기,509,2011-12-24,태봉로2길 5 (우면동 서초네이처힐5단지),6764,,37.4629803452747,127.02421659612601,H,양재1동,127.02672880394384,37.47163933132787
314,314,서초구,우면2-7(서초네이처힐7단지),국민,275,2011-12-24,태봉로2길 10 (우면동 서초네이처힐7단지),6764,,37.4620460968245,127.02326625722601,H,양재1동,127.02672880394384,37.47163933132787
315,315,서초구,우면2-2(서초네이처힐2),국민장기,133,2012-05-03,형촌길 15 (우면동 서초네이처힐2단지),6765,,37.46329893468771,127.02146261769501,H,양재1동,127.02672880394384,37.47163933132787
316,316,서초구,우면2-1(서초네이처힐1),외국인장기,178,2012-12-01,형촌길 35 (우면동 서초네이처힐1단지),6765,,37.464109078224205,127.01910696256701,H,양재1동,127.02672880394384,37.47163933132787
317,317,서초구,우면2-3(서초네이처힐3단지),국민장기,1251,2013-01-30,태봉로2길 60 (우면동 서초네이처힐3단지),6764,,37.465652100840394,127.02718119754101,H,양재1동,127.02672880394384,37.47163933132787
318,318,서초구,우면2-6(서초네이처힐6),국민장기,382,2013-02-20,태봉로2길 30 (우면동 서초네이처힐6단지),6764,,37.461152880628205,127.02565082339899,H,양재1동,127.02672880394384,37.47163933132787
319,319,서초구,양재시프트(양재리본타워),장기전세,231,2013-09-27,바우뫼로18길 20 (양재동 양재리본타워1단지),6755,,37.4728897547784,127.032148354517,H,양재1동,127.02672880394384,37.47163933132787
320,320,서초구,내곡7(서초포레스타7단지),장기전세,310,2013-10-11,청계산로11길 7-12 (신원동 서초포레스타7단지),6802,,37.448551790973795,127.05606497584101,H,내곡동,127.0769169347293,37.45824631311163
321,321,서초구,서초방배롯데캐슬,재건축,744,2014-04-14,방배천로18길 11 (방배동 방배롯데캐슬아르떼),6676,,37.483604931174796,126.983103580609,H,방배2동,126.9855736446241,37.47982624701295
322,322,서초구,내곡5(서초포레스타5단지),장기전세,547,2014-05-11,청계산로7길 43 (신원동 서초포레스타5단지),6798,,37.45114196704,127.057683489981,H,내곡동,127.0769169347293,37.45824631311163
323,323,서초구,내곡3(서초포레스타3단지),장기전세,482,2014-06-28,헌릉로8길 22 (신원동 서초포레스타3단지),6798,,37.4552690388771,127.05917968298999,H,내곡동,127.0769169347293,37.45824631311163
324,324,서초구,양재동212장기전세(양재리본타워2단지),장기전세,390,2014-06-29,매헌로16길 40 (양재동 양재리본타워2단지),6770,,37.4649310444444,127.036170864158,H,양재2동,127.0412886879359,37.470633217194234
325,325,서초구,내곡1(서초더샵포레1단지),장기전세,1264,2014-08-12,헌릉로8길 58 (내곡동 서초더샵포레),6800,,37.4532443872226,127.06247734346,H,내곡동,127.0769169347293,37.45824631311163
326,326,서초구,서초삼익롯데캐슬프레지던트,재건축,280,2014-12-29,서초중앙로24길 57 (서초동 서초롯데캐슬프레지던트),6613,,37.4969727934088,127.019417834917,H,서초4동,127.02408896564856,37.50272828123128
327,327,서초구,서초포레스타6단지(내곡),영구국민장기,585,2015-04-08,청계산로9길 1-12 (신원동 서초포레스타6단지),6802,,37.449682659641105,127.05624144327801,H,내곡동,127.0769169347293,37.45824631311163
328,328,서초구,서초포레스타2단지(내곡),국민장기,1077,2015-06-20,헌릉로8길 45 (내곡동 서초 포레스타 2단지),6800,,37.454689845789396,127.06254658465001,H,내곡동,127.0769169347293,37.45824631311163
329,329,서초구,내곡보금자리주택지구 도시형생활주택(행복주택-서초선포레),행복(공사 건설형),87,2015-10-27,청계산로9길 1-3 (신원동 서초 선포레),6802,,37.4485371374725,127.05503621582301,H,내곡동,127.0769169347293,37.45824631311163
330,330,서초구,래미안신반포팰리스,재건축,843,2016-08-26,잠원로8길 35(잠원동 래미안 신반포 팰리스) ,6518,,37.5150996956316,127.011661662443,H,잠원동,127.01410282023416,37.51491868802903
331,331,서초구,아크로리버파크반포,재건축,1612,2016-09-01,신반포로15길 19 (반포동 아크로리버파크),6503,,37.5062519997568,126.992673104135,H,반포2동,126.9945035076517,37.50459388896943
332,332,서초구,래미안서초에스티지,재건축,421,2017-03-27,서운로 107(서초동 래미안서초에스티지),6624,,37.493007126871206,127.02545330845501,H,서초2동,127.02495850336193,37.492074599849566
333,333,서초구,서초푸르지오써밋,재건축,907,2017-11-13,서운로 201(서초동 서초푸르지오써밋) ,6608,,37.5013246250352,127.02012657608299,H,서초4동,127.02408896564856,37.50272828123128
334,334,서초구,반포래미안아이파크(서초한양),행복(재건축),829,2018-09-28,서초중앙로 220(반포동32-5 반포래미안아이파크),6599,,37.501510928032204,127.01247166163401,H,반포1동,127.01337714858089,37.50509061438031
335,335,서초구,래미안서초에스티지S(서초우성2차),행복(재건축),593,2018-09-28,서운로 104(서초동 래미안서초에스티지S),6625,,37.4934155954909,127.026491405544,H,서초2동,127.02495850336193,37.492074599849566
336,336,서초구,센트럴 IPARK(상아3차),행복(재건축),416,2018-09-28,삼성로 629(삼성동22 센트럴아이파크),6094,,37.5157693200057,127.051251006999,H,삼성2동,127.04607058643163,37.511266884811576
337,337,서초구,반포센트럴푸르지오써밋,행복(재건축),764,2018-10-29,서초구 고무래로 89(반포동 30-20 반포센트럴푸르지오써밋),11650,,37.5009525951681,127.01850090538,H,반포1동,127.01337714858089,37.50509061438031
338,338,서초구,신반포자이(반포한양),행복(재건축),607,2019-03-08,서초구 평창길 75(잠원동 66),3002,,37.5101774500185,127.00805997356701,H,반포3동,127.00354690612721,37.50878543933239
339,339,서초구,방배아트자이(방배3),행복(재건축),353,2019-10-07,서초구 명달로 9길 57(방배동 992),6706,,37.48015300523279,127.00203371795601,H,방배3동,126.9999954777151,37.478439573373386
340,340,서초구,래미안신반포리오센트(신반포18차24차),행복(재건축),475,2019-10-07,서초구 잠원로 14길 32(잠원동 52),6516,,37.517933531443504,127.014142525963,H,잠원동,127.01410282023416,37.51491868802903
341,341,성동구,청계벽산(하왕3),재개발,510,1996-03-20,무학로 50 (하왕십리동 벽산아파트),4703,,37.5691096001774,127.032672663162,H,왕십리도선동,127.02553162526321,37.56788114107694
342,342,성동구,옥수극동그린(옥수5-2),재개발,583,1996-11-15,독서당로 175 (옥수동 극동그린아파트),4732,,37.541616076167294,127.009810204177,H,옥수동,127.0134338126595,37.54358863837599
343,343,성동구,옥수하이츠(옥수8),재개발,238,1997-11-11,한림말길 50 (옥수동 옥수하이츠아파트),4736,,37.539939785979904,127.016822903142,H,옥수동,127.0134338126595,37.54358863837599
344,344,성동구,옥수삼성(옥수9),재개발,330,1999-05-25,독서당로 218 (옥수동 옥수삼성아파트),4734,,37.542629444293105,127.015554372439,H,옥수동,127.0134338126595,37.54358863837599
345,345,성동구,행당대림(하왕2-1),재개발,1005,1999-06-01,행당로 79 (행당동 행당동 대림아파트),4713,,37.5582053468995,127.027507006183,H,행당2동,127.0293401659,37.55826482191124
346,346,성동구,행당한진(금호1-6),재개발,728,1999-08-02,행당로 82 (행당동 행당 한진타운),4717,,37.5548088817349,127.02739971520799,H,행당2동,127.0293401659,37.55826482191124
347,347,성동구,금호대우(금호8),재개발,508,2000-11-11,독서당로 272 (금호동4가 금호동 대우아파트),4738,,37.5453300340479,127.01792536859199,H,금호4가동,127.02240132684157,37.54719127436341
348,348,성동구,금호벽산(금호6),재개발,1214,2000-11-22,금호로 100 (금호동1가 벽산아파트),4718,,37.554531760698,127.02609225113702,H,금호1가동,127.0216385795996,37.55487152614634
349,349,성동구,하왕금호베스트빌(하왕1-3),재개발,274,2001-04-10,난계로 114-31 (하왕십리동 금호 베스트빌),4711,,37.5612312466825,127.025952317395,H,왕십리2동,127.03050479092835,37.561108073176435
350,350,성동구,하왕극동미라주(하왕5),재개발,191,2002-04-01,난계로 73 (하왕십리동 극동미라주 아파트),4721,,37.559487560357795,127.023298446358,H,왕십리2동,127.03050479092835,37.561108073176435
351,351,성동구,행당한신(행당2),재개발,159,2002-11-05,고산자로 164 (행당동 행당한신아파트),4746,,37.5550687570722,127.035424100115,H,행당1동,127.03620337239582,37.558504384172046
352,352,성동구,마장SH-VILLE,국민,400,2006-11-21,마조로15가길 23 (마장동 마장 에스에이치빌),4759,,37.5646371921494,127.04038838269501,H,마장동,127.04532576078259,37.56637954799328
353,353,성동구,와이엠프라젠,재건축,83,2008-04-01,자동차시장1길 14 (용답동 와이엠프라젠아파트),4808,,37.561317448549,127.058693136632,H,용답동,127.05557905276898,37.56407582442792
354,354,성동구,서울숲아이파크,재건축,241,2009-03-31,동일로 237 (송정동 서울숲아이파크),4800,,37.5525009261755,127.068702120931,H,송정동,127.06957360231537,37.55453585995355
355,355,성동구,왕십리주상복합,장기전세,97,2009-12-01,청계천로 474 (하왕십리동 왕십리 모노퍼스 주상복합),4702,,37.569533166927,127.02956293798401,H,왕십리도선동,127.02553162526321,37.56788114107694
356,356,성동구,행당두산위브,재개발,114,2010-01-04,행당로8길 8 (행당동 행당두산위브아파트),4716,,37.5572723225298,127.03095106509599,H,행당2동,127.0293401659,37.55826482191124
357,357,성동구,서울숲행당푸르지오(행당5),재개발,94,2011-06-01,고산자로 177 (행당동 서울숲행당푸르지오아파트),4716,,37.5557304486542,127.033577643563,H,행당2동,127.0293401659,37.55826482191124
358,358,성동구,래미안하이리버(금호17),재개발,96,2012-05-29,금호로 111 (금호동2가 하이리버),4728,,37.5513725315125,127.02290696440599,H,금호2.3가동,127.02091836139842,37.55329310772679
359,359,성동구,래미안하이리버(금호19),재개발,210,2012-05-29,금호로 111 (금호동2가 하이리버),4728,,37.5513725315125,127.02290696440599,H,금호2.3가동,127.02091836139842,37.55329310772679
360,360,성동구,금호자이2차(금호18),재개발,403,2012-08-27,금호산8길 14 (금호동3가 금호자이2차),4729,,37.5507159307073,127.02219030822901,H,금호2.3가동,127.02091836139842,37.55329310772679
361,361,성동구,서울숲2차푸르지오(금호14),재개발,121,2012-09-03,금호로3길 11 (금호동4가 서울숲2차푸르지오),4737,,37.5474513708768,127.023891738558,H,금호4가동,127.02240132684157,37.54719127436341
362,362,성동구,래미안옥수리버젠(옥수12),재개발,310,2013-04-15,매봉길 17 (옥수동 래미안 옥수 리버젠),4733,,37.5464825265845,127.014460917697,H,옥수동,127.0134338126595,37.54358863837599
363,363,성동구,왕십리텐즈힐2구역(왕십리뉴타운2),재개발,211,2014-05-12,마장로 137 (상왕십리동 텐즈힐),4700,,37.5678250213491,127.025053595952,H,왕십리도선동,127.02553162526321,37.56788114107694
364,364,성동구,왕십리텐즈힐1구역,재개발,333,2015-07-29,무학로 33 (하왕십리동 텐즈힐),4702,,37.569164159692896,127.02634785312999,H,왕십리도선동,127.02553162526321,37.56788114107694
365,365,성동구,신금호파크자이(금호13),재개발,1156,2016-06-13,금호로 173 (금호동2가 신금호파크자이),4722,,37.5562864094302,127.018152983884,H,금호2.3가동,127.02091836139842,37.55329310772679
366,366,성동구,e편한세상옥수파크힐스(옥수13),재개발,1976,2016-11-14,매봉길 50 (옥수동 옥수 파크힐스) ,4731,,37.5472954910899,127.012120225623,H,옥수동,127.0134338126595,37.54358863837599
367,367,성동구,왕십리센트라스(왕십리3),재개발,2529,2016-12-03,왕십리로 410 (하왕십리동 센트라스) ,4701,,37.566590498762004,127.02408246321998,H,왕십리도선동,127.02553162526321,37.56788114107694
368,368,성동구,왕십리자이(하왕1-5),재개발행복(리츠2호),713,2017-08-07,난계로 100(하왕십리동 왕십리자이),4711,,37.5615293048656,127.024651500492,H,왕십리2동,127.03050479092835,37.561108073176435
369,369,성동구,힐스테이트서울숲리버,재개발행복(리츠2호),606,2018-02-23,독서당로 344,4743,,37.546452579990294,127.025765458515,H,금호4가동,127.02240132684157,37.54719127436341
370,370,성동구,금호파크힐스이편한세상아파트(금호제15),재개발행복(리츠2호),1330,2018-03-12,금호로 110(금호동1가 e편한세상금호파크힐스),4721,,37.5529529289846,127.02447032006901,H,금호1가동,127.0216385795996,37.55487152614634
371,371,성동구,서울숲리버뷰자이(행당제6구역),재개발행복(리츠2호),1034,2018-07-01,고산자로2길 65(행당동),4745,,37.556198526017,127.03883650622299,H,행당1동,127.03620337239582,37.558504384172046
372,372,성북구,동소문한진,재개발,580,1996-12-17,성북로4길 52 (돈암동 한신한진아파트),2831,,37.5944725333435,127.012706037821,H,돈암2동,127.01058094036021,37.5980162520587
373,373,성북구,종암SK,재개발,465,1998-12-03,종암로24가길 53 (종암동 SK아파트),2798,,37.6008411734995,127.03796418183599,H,종암동,127.03521291885305,37.59906022703642
374,374,성북구,돈암풍림(돈암3-3),재개발,309,1999-02-14,북악산로 898 (돈암동 풍림아파트),2840,,37.597038770303705,127.022224666371,H,돈암1동,127.02638631628797,37.603419721009935
375,375,성북구,돈암삼성(돈암3-2),재개발,736,1999-06-16,동소문로34길 24 (돈암동 삼성아파트),2807,,37.598992754110895,127.02313954152599,H,돈암1동,127.02638631628797,37.603419721009935
376,376,성북구,길음동부(길음3),재개발,300,2002-03-01,숭인로2길 61 (길음동 길음동동부센트레빌아파트),2726,,37.6093534067567,127.024973857612,H,길음2동,127.02731160121031,37.60669551025378
377,377,성북구,상월곡동아(상월곡),재개발,278,2002-09-25,장월로1길 28 (상월곡동 동아에코빌아파트),2753,,37.608772493692605,127.04561195862301,H,월곡2동,127.04788645493356,37.60579156949435
378,378,성북구,월곡두산,재개발,458,2003-05-20,오패산로 46 (하월곡동 월곡두산위브아파트),2750,,37.6074738406161,127.038709467417,H,월곡1동,127.03577556024297,37.610553086871164
379,379,성북구,정릉풍림(정릉4),재개발,332,2003-08-20,솔샘로25길 11-14 (정릉동 정릉풍림아이원아파트),2702,,37.6163247932791,127.007280370569,H,정릉4동,127.00699953542005,37.6133765955324
380,380,성북구,길음뉴타운4단지,재개발,276,2005-05-16,길음로 118 (길음동 길음뉴타운),2723,,37.611323860359896,127.020847622389,H,길음1동,127.01950278200795,37.61039832392342
381,381,성북구,길음뉴타운3단지,재개발,282,2005-05-20,길음로13길 39 (길음동 길음뉴타운),2715,,37.6100441909211,127.01622347427,H,길음1동,127.01950278200795,37.61039832392342
382,382,성북구,장월SH-VILLE,국민,254,2006-05-18,한천로101길 54 (장위동 장월 에스에이치빌 1단지),2758,,37.6227404118122,127.047698413283,H,장위3동,127.05660576530715,37.61654912217553
383,383,성북구,종암SH-Ville,재개발,104,2007-04-25,종암로9길 71 (종암동 종암2차 아이파크),2810,,37.596303067775395,127.03251299820101,H,종암동,127.03521291885305,37.59906022703642
384,384,성북구,길음SH-Ville(길음5),재개발,90,2007-12-18,길음로 74 (길음동 길음뉴타운),2724,,37.6092896639058,127.021033925155,H,길음1동,127.01950278200795,37.61039832392342
385,385,성북구,월곡3sh-ville(월곡3),재개발,288,2008-06-24,성북구 오패산로 90 (하월곡동 래미안월곡아파트),2741,,37.609947091433604,127.036913604861,H,월곡1동,127.03577556024297,37.610553086871164
386,386,성북구,월곡2sh-ville(월곡2),재개발,209,2008-10-16,회기로5길 142 (하월곡동 월곡2에스에이치빌),2794,,37.5975081254608,127.04173679166401,H,월곡2동,127.04788645493356,37.60579156949435
387,387,성북구,삼선sh-ville(삼선1),재개발,285,2008-11-19,보문로29다길 25-9 (삼선동3가 삼선1에스에이치빌),2873,,37.5849018806257,127.01387180106701,H,삼선동,127.01467420944992,37.59083671246933
388,388,성북구,정릉라온유(길음10),재건축,236,2009-03-20,정릉로 307 (정릉동 라온유 아파트),2719,,37.6032285064084,127.017866208389,H,정릉1동,127.01665578077184,37.601446524312756
389,389,성북구,래미안석관,재개발,80,2009-07-30,화랑로 214 (석관동 래미안석관),2790,,37.60915931290379,127.054866914628,H,석관동,127.06143701887393,37.61298239556146
390,390,성북구,래미안종암2차(종암4),재개발,206,2009-11-30,종암로23길 35 (종암동 래미안세레니티),2804,,37.5981647936001,127.029751253435,H,종암동,127.03521291885305,37.59906022703642
391,391,성북구,길음뉴타운8단지(길음8),재개발,120,2010-07-05,길음로 33 (길음동 길음뉴타운),2720,,37.605049248226294,127.022009385841,H,길음1동,127.01950278200795,37.61039832392342
392,392,성북구,길음뉴타운7단지(길음7),재개발,99,2010-08-01,길음로13길 22 (길음동 길음7구역 두산위브아파트),2715,,37.6094417730405,127.019323702394,H,길음1동,127.01950278200795,37.61039832392342
393,393,성북구,래미안종암3차(종암5),재개발,188,2010-09-01,종암로24가길 80 (종암동 래미안라센트),2799,,37.5993136713173,127.039226934965,H,종암동,127.03521291885305,37.59906022703642
394,394,성북구,길음뉴타운9단지(정릉길음9),재개발,242,2010-10-01,길음로9길 50 (길음동 길음뉴타운),2721,,37.6026965054255,127.02094804099801,H,길음1동,127.01950278200795,37.61039832392342
395,395,성북구,종암2차SK뷰(종암6),재개발,393,2010-11-01,종암로24길 35 (종암동 종암2차SK뷰아파트),2798,,37.601428920914294,127.034640459594,H,종암동,127.03521291885305,37.59906022703642
396,396,성북구,희망하우징(정릉 380-3),기타임대,54,2012-02-23,정릉로 199 (정릉동 정릉희망하우징),2710,,37.606950115742706,127.006891004638,H,정릉2동,127.01114809300374,37.604474500708825
397,397,성북구,동일하이빌뉴시티(신월곡),재건축,451,2012-10-12,종암로 167 (하월곡동 동일하이빌뉴시티),2734,,37.6050587642973,127.03099044572599,H,길음2동,127.02731160121031,37.60669551025378
398,398,성북구,e편한세상(보문4),재개발,440,2014-01-08,보문사길 40 (보문동3가 이편한세상보문),2874,,37.583666504014296,127.017453841298,H,보문동,127.02280976990156,37.580380297758296
399,399,성북구,금호어울림센터힐(돈암5),재개발,490,2014-11-17,동소문로34길 73 (돈암동 길음역 금호어울림 센터힐),2807,,37.599797495352796,127.022327743122,H,돈암1동,127.02638631628797,37.603419721009935
400,400,성북구,정릉한화꿈에그린(정릉10),재개발,349,2015-06-01,아리랑로19가길 21 (정릉동 정릉 꿈에그린아파트),2820,,37.6018578498862,127.012012091133,H,정릉2동,127.01114809300374,37.604474500708825
401,401,성북구,돈암정릉,재개발,629,2017-01-03,아리랑로 75 (돈암동 돈암코오롱하늘채),2826,,37.598830255568,127.01362548713199,H,돈암2동,127.01058094036021,37.5980162520587
402,402,성북구,보문3구역(보문파크뷰자이),재개발행복(리츠2호),1186,2017-02-21,보문사길 111(보문동6가 보문파크뷰자이) ,2874,,37.5828731138796,127.01789111829599,H,보문동,127.02280976990156,37.580380297758296
403,403,성북구,연극인맞춤형주택(삼선동2가77),기타임대,11,2017-06-16,삼선동2가 77,2864,,37.5877262061726,127.009490852009,H,삼선동,127.01467420944992,37.59083671246933
404,404,성북구,꿈의숲코오롱하늘채,재개발행복(리츠2호),513,2017-10-31,돌곶이로 220(장위동 꿈의숲코오롱하늘채아파트),2757,,37.618986733909296,127.046528885296,H,장위3동,127.05660576530715,37.61654912217553
405,405,성북구,연극인맞춤형주택(성북동 186-12),기타임대,12,2018-12-31,성북구 성북로9길 28(성북동 186-12),2880,,37.5912608829484,127.00256222662901,H,성북동,127.00327906111706,37.59105021324482
406,406,성북구,래미안 길음 센터피스(길음2구역),재개발재건축행복(리츠2호),2352,2019-02-28,성북구 숭인로 50(길음동 498-1),2727,,37.611986670890005,127.02878397741999,H,길음2동,127.02731160121031,37.60669551025378
407,407,성북구,래미안아트리치(석관2구역),재개발행복(리츠2호),1091,2019-02-28,성북구 돌곶이로 8길 22(석관동 46-50),2786,,37.606543221237104,127.06226739938299,H,석관동,127.06143701887393,37.61298239556146
408,408,성북구,래미안장위포레카운티(장위1구역),재개발,939,2019-06-20,성북구 장월로 160(장위동 144-24),2763,,37.6179215325736,127.052253351246,H,장위3동,127.05660576530715,37.61654912217553
409,409,성북구,장위퍼스트하이,재개발행복(리츠2호),1562,2019-09-30,성북구 한천로 713(장위동 173-124),2760,,37.6212857858679,127.051719017992,H,장위3동,127.05660576530715,37.61654912217553
410,410,성북구,롯데캐슬골든힐스(길음3),행복(재건축),399,2019-10-07,성북구 서경로 60(정릉동 192),2715,,37.60992599372221,127.015458405282,H,정릉1동,127.01665578077184,37.601446524312756
411,411,송파구,마천대성,주거환경,71,1995-06-29,성내천로34길 8 (마천2동 대성아파트),5750,,37.4985470022844,127.15323658652001,H,마천2동,127.14854371836043,37.49684928474038
412,412,송파구,거여6,공공임대,660,1997-04-15,양산로2길 38 (거여동 거여6단지아파트),5789,,37.4884642152141,127.146186520149,H,거여2동,127.14690877843705,37.493521210696755
413,413,송파구,오금현대백조(오금2),재개발,153,1997-04-22,양재대로72길 20 (오금동 현대백조아파트),5656,,37.50889817769679,127.128715307586,H,오금동,127.12809944967847,37.50300005998476
414,414,송파구,거여3,공공임대,598,2000-11-04,양산로2길 44 (거여동 거여3단지아파트),5778,,37.4904631255137,127.147542455133,H,거여2동,127.14690877843705,37.493521210696755
415,415,송파구,장지11(송파파인타운11단지),국민장기,333,2007-08-11,송파대로8길 58 (장지동 송파파인타운11단지),5813,,37.4802321585331,127.133790214493,H,장지동,127.13112378845288,37.48371159802707
416,416,송파구,장지10(송파파인타운10단지),국민장기,545,2007-08-28,송파대로8길 20 (장지동 송파파인타운10단지),5813,,37.4781340156972,127.131186737728,H,장지동,127.13112378845288,37.48371159802707
417,417,송파구,장지7(송파파인타운7단지),국민,537,2008-01-03,충민로4길 19 (장지동 송파파인타운7단지),5812,,37.4792099224867,127.129952666259,H,장지동,127.13112378845288,37.48371159802707
418,418,송파구,장지9(송파파인타운9단지),국민장기,796,2008-02-09,송파대로8길 17 (장지동 송파파인타운9단지),5815,,37.4780034005749,127.12919592556001,H,장지동,127.13112378845288,37.48371159802707
419,419,송파구,장지4(송파파인타운4단지),국민장기,181,2008-04-11,새말로12길 16 (장지동 송파파인타운4단지),5811,,37.482027812195895,127.130129401329,H,장지동,127.13112378845288,37.48371159802707
420,420,송파구,장지5(송파파인타운5단지),국민,455,2008-09-03,충민로4길 5 (장지동 송파파인타운5단지),5812,,37.4796206706018,127.129726468504,H,장지동,127.13112378845288,37.48371159802707
421,421,송파구,장지6(송파파인타운6단지),국민장기,564,2008-09-04,충민로6길 14 (장지동 송파파인타운6단지),5812,,37.480697734983295,127.13143961344801,H,장지동,127.13112378845288,37.48371159802707
422,422,송파구,장지2(송파파인타운2단지),국민,374,2008-10-01,충민로 151 (장지동 송파파인타운2단지),5799,,37.483517137902496,127.13130638728998,H,장지동,127.13112378845288,37.48371159802707
423,423,송파구,장지8(송파파인타운8단지),국민장기,700,2008-10-30,충민로4길 6 (장지동 송파파인타운8단지),5815,,37.479653823977706,127.128078127392,H,장지동,127.13112378845288,37.48371159802707
424,424,송파구,장지1(송파파인타운1단지),장기전세,221,2009-12-12,충민로 188 (장지동 송파파인타운1단지),5792,,37.48622885835721,127.13454772703899,H,장지동,127.13112378845288,37.48371159802707
425,425,송파구,마천1(송파파크데일1단지),국민장기,812,2011-02-20,성내천로37길 37 (마천동 송파파크데일1단지),5748,,37.4987850346578,127.15810131330299,H,마천1동,127.14997157111824,37.49607982374298
426,426,송파구,마천2(송파파크데일2단지),국민장기,889,2011-02-20,성내천로47길 38 (마천동 송파파크데일2단지),5748,,37.4963409744022,127.158162993388,H,마천1동,127.14997157111824,37.49607982374298
427,427,송파구,송파래미안파인탑,재건축,794,2012-01-30,오금로32길 31 (송파동 래미안송파파인탑),5673,,37.5029836751039,127.11948889290301,H,송파2동,127.11676639171556,37.50233785400787
428,428,송파구,문정공공원룸텔,기타임대,31,2012-12-20,새말로 114-1 (문정동 서울공공주택문정동희망원룸),5810,,37.48260868643929,127.126820253625,H,장지동,127.13112378845288,37.48371159802707
429,429,송파구,송파파크데일3단지(행복주택),행복(공사 건설형),148,2017-03-29,성내천로47길 22 (마천동 송파파크데일3단지),5748,,37.4947993914041,127.157865051555,H,마천1동,127.14997157111824,37.49607982374298
430,430,송파구,위례지구10블럭(위례포레샤인),국민장기,2200,2017-10-07,위례순환로 477(장지동 위례포레샤인23단지),5720,,37.4750210600157,127.136567201579,H,위례동,127.14426154717584,37.481155444518166
431,431,송파구,송파레미니스(1단지),국민장기,575,2017-11-06,성내천로 6(오금동 송파레미니스),5270,,37.508337240923794,127.134828192603,H,오금동,127.12809944967847,37.50300005998476
432,432,송파구,송파레미니스 2단지(오금지구 2단지),국민,818,2018-06-07,동남로 341(송파레미니스 2단지),5721,,37.5063859322325,127.138029800548,H,오금동,127.12809944967847,37.50300005998476
433,433,송파구,거여리본타운,행복(공사 건설형),128,2018-09-28,오금로53길 14(거여동 12-12 거여리본타운),5744,,37.495678010236,127.142295032302,H,거여1동,127.14326516764659,37.49697834083816
434,434,송파구,송파헬리오시티(가락시영),행복(재건축),9510,2019-03-01,송파구 송파대로 345(가락동 479),5698,,37.4976145695004,127.102531804188,H,가락1동,127.10729000914175,37.4997483408833
435,435,양천구,신정삼성(신정6-2),재개발,506,1995-06-01,신목로 5 (신정동 목동삼성아파트),8016,,37.517225560821295,126.876467484144,H,신정2동,126.8707009185384,37.51922042593105
436,436,양천구,신정양천,공공임대,2998,1995-11-16,목동로3길 57(신정동 양천아파트),8100,,37.509454258353706,126.86216417791701,H,신정7동,126.85968767342912,37.51440010484428
437,437,양천구,목동현대B,재개발,564,1996-12-20,신목로 10 (신정동 목동현대아파트),8008,,37.518425957278104,126.876286101182,H,신정2동,126.8707009185384,37.51922042593105
438,438,양천구,목동2차우성(신정5),재개발(리츠2호),1140,1998-04-01,목동남로4길 6-46 (신정동 목동2차우성아파트),8104,,37.5065716208893,126.864767259361,H,신정7동,126.85968767342912,37.51440010484428
439,439,양천구,신트리2,공공임대,698,2000-05-30,신정로 275 (신정동 신트리2단지아파트),8078,,37.5130157117251,126.85301852108,H,신정3동,126.85479986821939,37.515122207950974
440,440,양천구,신정학마을2,공공임대,510,2000-10-23,신정로14길 1 (신정동 학마을아파트),8108,,37.5089902876047,126.844838543043,H,신정3동,126.85479986821939,37.515122207950974
441,441,양천구,신정푸른마을1,공공임대,500,2001-02-13,신정로7길 70 (신정동 푸른마을1단지아파트),8048,,37.5130260786636,126.836565981012,H,신정3동,126.85479986821939,37.515122207950974
442,442,양천구,신월동도센트리움,재건축,99,2007-09-20,오목로17길 7 (신월동 동도센트리움아파트),7935,,37.52397469945279,126.846297380903,H,신월2동,126.84458121372907,37.524980584185506
443,443,양천구,장수마을동원데자뷰,재건축,118,2007-12-28,오목로 76-2 (신월동 장수마을2단지동원데쟈뷰아파트),8028,,37.522036481306,126.84548166946699,H,신월2동,126.84458121372907,37.524980584185506
444,444,양천구,수명산롯데캐슬,재건축,215,2008-11-10,월정로 303 (신월동 수명산롯데캐슬),7900,,37.54508073179021,126.828698001373,H,신월5동,126.82718710281132,37.538568724845966
445,445,양천구,양천롯데캐슬,재건축,317,2011-01-19,오목로5길 19 (신월동 양천롯데캐슬),7930,,37.5235031504333,126.839947625174,H,신월4동,126.84003869980859,37.524664574693354
446,446,양천구,신정이펜하우스2단지(신정3지구2단지),국민장기,471,2011-04-25,신정이펜2로 55 (신정동 신정이펜하우스2단지),8045,,37.5151325262449,126.830864711379,H,신정3동,126.85479986821939,37.515122207950974
447,447,양천구,신정이펜하우스5단지(신정3지구5단지),국민장기,238,2011-04-25,신정이펜1로 27 (신정동 신정이펜하우스5단지),8051,,37.511041638634,126.833419736021,H,신정3동,126.85479986821939,37.515122207950974
448,448,양천구,신정이펜하우스3단지,국민장기,1339,2011-06-30,신정이펜1로 50 (신정동 신정이펜하우스3단지),8050,,37.513351057813104,126.829357473807,H,신정3동,126.85479986821939,37.515122207950974
449,449,양천구,신정이펜하우스4단지,국민장기,546,2011-06-30,신정이펜1로 51 (신정동 신정이펜하우스4단지),8051,,37.510851031665794,126.83110409084,H,신정3동,126.85479986821939,37.515122207950974
450,450,양천구,신정이펜하우스1단지,국민장기,466,2011-08-09,신정이펜1로 99 (신정동 신정이펜하우스1단지),8046,,37.5146635756281,126.825857074416,H,신정3동,126.85479986821939,37.515122207950974
451,451,양천구,신정뉴타운두산위브(신정1-2),재개발,357,2012-03-26,신월로20길 7 (신월동 신정뉴타운두산위브아파트),8063,,37.519282620213104,126.846073415825,H,신월2동,126.84458121372907,37.524980584185506
452,452,양천구,신정뉴타운롯데캐슬(신정1-4),재개발,930,2014-05-12,중앙로29길 61 (신월동 신정뉴타운롯데캐슬),8061,,37.5195419716155,126.848124974896,H,신월2동,126.84458121372907,37.524980584185506
453,453,양천구,신정공공주택(신정도시마을주택),기타임대,92,2014-06-16,신정로13가길 6 (신정동 신정도시마을주택),8080,,37.5114775736569,126.84345405657801,H,신정3동,126.85479986821939,37.515122207950974
454,454,양천구,목동센트럴푸르지오,재건축,248,2015-08-17,오목로 354 (목동 목동센트럴푸르지오),8007,,37.5239812598499,126.876796062529,H,목1동,126.87113876950467,37.53035368195863
455,455,양천구,목동힐스테이트(신정제4구역),재개발,1081,2016-06-30,중앙로36길 15 (신정동 목동힐스테이트),8083,,37.5207753299155,126.855945462003,H,신정1동,126.85429102177959,37.51853097589685
456,456,양천구,신정4지구보금자리주택(신정숲속마을),국민장기,560,2016-08-15,신정로 110 (신정동 신정숲속마을),8111,,37.5061237782028,126.83393067353998,H,신정3동,126.85479986821939,37.515122207950974
457,457,양천구,신정3A6 이든채단지,행복(리츠1호),499,2019-03-01,양천구 신정로7길 75(신정동 1320-8),8049,,37.5130575238891,126.833725627369,H,신정3동,126.85479986821939,37.515122207950974
458,458,영등포구,신기목련,주거환경,213,1999-07-06,신길로42가길 34 (신길동 신기목련아파트),7362,,37.5087341960892,126.915389163087,H,신길1동,126.92141821015184,37.51111638167643
459,459,영등포구,양평상록수,주거환경,176,1999-12-01,영등포로 17 (양평동2가 상록수아파트),7275,,37.5237210806448,126.883484461229,H,양평1동,126.88824121987842,37.52367846502517
460,460,영등포구,신길삼성(신길2-3),재개발,387,2001-03-10,신길로42길 25 (신길동 삼성아파트),7362,,37.5073188731781,126.91373541972601,H,신길4동,126.91128702812826,37.508456650455905
461,461,영등포구,당산SH-VILLE,공공임대,195,2005-07-08,영신로 183 (당산동3가 당산 SH VILLE),7258,,37.5244926351416,126.90142297958499,H,당산1동,126.8973844956197,37.52497339384462
462,462,영등포구,태승훼밀리아파트,재건축,64,2008-11-10,선유서로34길 6 (양평동3가 양평동1차 태승훼미리아파트),7270,,37.5265560740145,126.887187536559,H,양평1동,126.88824121987842,37.52367846502517
463,463,영등포구,영등포아트자이(도림16),재개발,836,2014-04-22,도영로 66 (도림동 영등포아트자이아파트),7364,,37.5103949442095,126.900176553265,H,도림동,126.89594446388612,37.50943884033291
464,464,영등포구,래미안영등포프레비뉴(신길11),재개발,949,2016-07-04,가마산로 442 (신길동 래미안영등포프레비뉴),7395,,37.5049819420382,126.90952705126499,H,신길3동,126.90775060944699,37.507300655692475
465,465,영등포구,보라매 신동아 파밀리에,재건축,247,2016-08-26,디지털로 420 (대림동 신대림2차 신동아파밀리에),7439,,37.493403833490504,126.904935059384,H,대림1동,126.90583371356381,37.495467137651794
466,466,영등포구,신길7구역(래미안에스티움),재개발,1722,2017-06-26,신풍로 77(신길동 래미안에스티움),7390,,37.500419607180206,126.911544544308,H,신길6동,126.90985472928638,37.499402265501345
467,467,영등포구,영등포1-4구역(아크로타워스퀘어),재개발행복(리츠2호),1221,2017-09-01,국회대로 54길10(영등포동7가 아크로타워 스퀘어),7247,,37.5236586861947,126.906430209934,H,영등포동,126.90759003155141,37.52379249719461
468,468,영등포구,문래동모아미래도,재건축,222,2017-11-24,선유로9나길 5(문래동5가 문래동모아미래도아파트) ,7285,,37.5172737716848,126.886720770118,H,문래동,126.89949467431545,37.517118466214946
469,469,영등포구,신길14구역(신길뉴타운아이파크),재개발행복(리츠2호),612,2019-02-28,영등포구 가마산로426(신길동 347-50),7394,,37.504117975863,126.90361295765601,H,신길3동,126.90775060944699,37.507300655692475
470,470,영등포구,신길5(보라매SK-VIEW),재개발,1512,2020-01-31,여의대방로35가길 19(신길동 1583-1),7391,,37.503739710030395,126.917504365062,H,신길7동,126.9214774694711,37.50637353304094
471,471,용산구,산천리버힐삼성(산천삼성),재개발,363,2000-09-23,효창원로13길 7 (산천동 리버힐삼성아파트),4358,,37.5356967470594,126.952096399226,H,원효로2동,126.95153018891676,37.5343604221154
472,472,용산구,도원삼성(도원),재개발,534,2001-10-05,새창로8길 7 (도원동 도원동삼성래미안아파트),4354,,37.539705069784496,126.95639249963001,H,용문동,126.95988277389486,37.537686444944676
473,473,용산구,용산e편한세상(신계),재개발,867,2011-02-28,원효로 216 (신계동 용산e편한세상),4368,,37.536723363574,126.966527167157,H,원효로1동,126.96769012118696,37.537133822888684
474,474,용산구,용산롯데캐슬센터포레,재개발행복(리츠2호),478,2019-04-30,용산구 백범로 313(효창동 13-2),4317,,37.5393023092398,126.962948470932,H,효창동,126.96189891954826,37.54237952039099
475,475,은평구,수색대림(수색2-1),재개발,464,2001-10-15,은평터널로 66 (수색동 대림한숲타운아파트),3492,,37.5868832785419,126.90164713622299,H,수색동,126.89367222426786,37.5835205268528
476,476,은평구,불광SH-ville(불광1),재개발,100,2005-10-07,불광로2길 46 (불광동 불광에스에이치빌),3366,,37.6115390949586,126.93567596888,H,불광1동,126.9320868678149,37.61035877069879
477,477,은평구,응암SH-ville(응암6),재개발,136,2007-09-20,백련산로 146-30 (응암동 응암 SH-VILLE),3475,,37.5980401983599,126.92686545942101,H,응암1동,126.92678687355749,37.60069699112276
478,478,은평구,상림마을8-2단지(은평1-1임대),국민장기,707,2008-06-01,진관4로 17 (진관동 은평뉴타운상림마을),3302,,37.64364592876029,126.922900461734,H,진관동,126.92106591288902,37.63496688251137
479,479,은평구,상림마을8-1단지(은평1-2임대),국민장기,335,2008-06-01,진관4로 37 (진관동 은평뉴타운상림마을),3302,,37.644469386862,126.925073996113,H,진관동,126.92106591288902,37.63496688251137
480,480,은평구,상림마을7-3단지(은평1-3임대),국민장기,255,2008-06-01,진관4로 47 (진관동 은평뉴타운상림마을),3303,,37.645713079600704,126.926610592199,H,진관동,126.92106591288902,37.63496688251137
481,481,은평구,상림마을7-2단지(은평1-4임대),국민장기,241,2008-06-01,진관4로 77 (진관동 은평뉴타운상림마을),3303,,37.6466937910828,126.928058543203,H,진관동,126.92106591288902,37.63496688251137
482,482,은평구,상림마을6-4단지(은평1-5임대),국민장기,318,2008-06-01,진관4로 87 (진관동 은평뉴타운상림마을),3304,,37.6478419819654,126.929665012724,H,진관동,126.92106591288902,37.63496688251137
483,483,은평구,상림마을6-3단지(은평1-6임대),국민장기,379,2008-06-01,진관4로 107 (진관동 은평뉴타운상림마을),3304,,37.6497519777393,126.930887140716,H,진관동,126.92106591288902,37.63496688251137
484,484,은평구,상림마을6-2단지(은평1-7임대),국민장기,378,2008-06-01,진관4로 100 (진관동 은평뉴타운상림마을),3304,,37.6498059898839,126.93315115175601,H,진관동,126.92106591288902,37.63496688251137
485,485,은평구,상림마을6-1단지(은평1-8임대),국민장기,208,2008-06-01,진관4로 78-7 (진관동 은평뉴타운상림마을),3304,,37.647392271912295,126.930527973094,H,진관동,126.92106591288902,37.63496688251137
486,486,은평구,상림마을7-1단지(은평1-9임대),국민장기,127,2008-06-01,진관4로 78-8 (진관동 은평뉴타운상림마을),3303,,37.6460949791009,126.928324494486,H,진관동,126.92106591288902,37.63496688251137
487,487,은평구,상림마을7-4단지(은평1-10임대),국민장기,230,2008-06-01,진관4로 48-17 (진관동 은평뉴타운상림마을),3303,,37.6451287811438,126.92732127622101,H,진관동,126.92106591288902,37.63496688251137
488,488,은평구,상림마을7-5단지(은평1-11임대),국민장기,187,2008-06-01,진관4로 48-8 (진관동 은평뉴타운상림마을),3303,,37.6439570568606,126.928212674738,H,진관동,126.92106591288902,37.63496688251137
489,489,은평구,상림마을8-3단지(은평1-12임대),국민장기,551,2008-06-01,진관3로 70 (진관동 은평뉴타운상림마을),3302,,37.642259831710604,126.923141080933,H,진관동,126.92106591288902,37.63496688251137
490,490,은평구,박석고개1-3단지(은평2-1임대),국민장기,947,2009-01-22,진관1로 21-10 (진관동 은평뉴타운 박석고개),3311,,37.6342707354029,126.919398866427,H,진관동,126.92106591288902,37.63496688251137
491,491,은평구,박석고개1-1단지(은평2-12임대),국민장기,660,2009-01-22,진관1로 21-9 (진관동 은평뉴타운 박석고개),3311,,37.6329244639,126.919502961914,H,진관동,126.92106591288902,37.63496688251137
492,492,은평구,구산그린빌,주거환경,203,2009-02-12,갈현로7길 56 (구산동 구산그린빌),3428,,37.60513474723739,126.90427946896001,H,구산동,126.91037618652634,37.61175703033078
493,493,은평구,마고정3-2단지(은평2-3임대),국민장기,659,2009-11-29,진관2로 90 (진관동 은평뉴타운 마고정),3310,,37.633877038303105,126.92576642503201,H,진관동,126.92106591288902,37.63496688251137
494,494,은평구,마고정3-3단지(은평2-2임대),국민장기,434,2009-12-10,진관2로 60 (진관동 은평뉴타운 마고정),3310,,37.6339160374251,126.922796996822,H,진관동,126.92106591288902,37.63496688251137
495,495,은평구,마고정3-1단지(은평2-11임대),국민장기,469,2009-12-10,진관1로 55 (진관동 은평뉴타운 마고정),3310,,37.6315663816842,126.927817322461,H,진관동,126.92106591288902,37.63496688251137
496,496,은평구,우물골2-1단지(은평2-4임대),국민장기,143,2010-01-04,진관2로 67 (진관동 은평뉴타운 우물골),3306,,37.634740793913394,126.924177870867,H,진관동,126.92106591288902,37.63496688251137
497,497,은평구,우물골2-2단지(은평2-5임대),국민장기,387,2010-01-04,진관2로 77 (진관동 은평뉴타운우물골),3306,,37.63458108367279,126.92665541649201,H,진관동,126.92106591288902,37.63496688251137
498,498,은평구,폭포동4-1단지(은평3-10임대),장기전세,297,2010-06-15,진관1로 77-8 (진관동 은평뉴타운 폭포동),3310,,37.631365867460396,126.93059568695801,H,진관동,126.92106591288902,37.63496688251137
499,499,은평구,구파발9-1단지(은평3-3임대),국민장기,1022,2010-07-13,진관3로 15-35 (진관동 은평뉴타운 구파발),3300,,37.6425613936561,126.917411598122,H,진관동,126.92106591288902,37.63496688251137
500,500,은평구,북한산힐스테이트3차(불광3),재개발,147,2010-08-26,불광로14길 10-4 (불광동 북한산현대힐스테이트3차아파트),3362,,37.619784895011,126.934286621938,H,불광1동,126.9320868678149,37.61035877069879
501,501,은평구,북한산래미안(불광6),재개발,135,2010-09-30,불광로2길 41 (불광동 북한산래미안아파트),3366,,37.6116306495066,126.936199823498,H,불광1동,126.9320868678149,37.61035877069879
502,502,은평구,구파발10-2단지(은평3-4임대),국민장기,423,2010-12-01,진관3로 15-35 (진관동 은평뉴타운 구파발),3300,,37.6425613936561,126.917411598122,H,진관동,126.92106591288902,37.63496688251137
503,503,은평구,북한산힐스테이트(불광7),재개발,188,2011-08-01,통일로 796 (불광동 북한산 힐스테이트7차),3357,,37.616343199117,126.925757582129,H,불광1동,126.9320868678149,37.61035877069879
504,504,은평구,백련산힐스테이트1차(응암7),재개발,78,2012-01-27,백련산로2길 39 (응암동 백련산 힐스테이트 1차),3477,,37.5895653847943,126.925288376559,H,응암2동,126.92307427343835,37.594614742593556
505,505,은평구,백련산힐스테이트2차(응암8),재개발,255,2012-01-27,백련산로2길 42 (응암동 백련산 힐스테이트 2차),3477,,37.5895280532664,126.92425104718201,H,응암2동,126.92307427343835,37.594614742593556
506,506,은평구,백련산힐스테이트3차(응암9),재개발,219,2012-01-27,백련산로2길 46 (응암동 백련산 힐스테이트 3차),3477,,37.5890048869464,126.924735950187,H,응암2동,126.92307427343835,37.594614742593556
507,507,은평구,구파발10-3단지(은평3-5임대),국민장기,712,2012-02-24,북한산로 2 (진관동 은평뉴타운구파발),3300,,37.6422433283206,126.916235958975,H,진관동,126.92106591288902,37.63496688251137
508,508,은평구,녹번센트레빌(응암3),재개발,350,2013-11-28,백련산로 160 (응암동 녹번역센트레빌),3474,,37.598318479312205,126.926085881492,H,응암1동,126.92678687355749,37.60069699112276
509,509,은평구,불광롯데캐슬(불광4),재개발,100,2013-12-03,불광로 64 (불광동 불광 롯데캐슬),3364,,37.613132054416795,126.932470564865,H,불광1동,126.9320868678149,37.61035877069879
510,510,은평구,갈현 공공기숙사(희망하우징),기타임대,41,2014-01-27,통일로 943 (갈현동),3314,,37.627134331204296,126.919449846962,H,갈현1동,126.91674168150115,37.62362229730654
511,511,은평구,기자촌11단지(은평3-12임대),장기전세,426,2014-12-30,연서로46길 7 (진관동),3308,,37.6339652491329,126.93268294612601,H,진관동,126.92106591288902,37.63496688251137
512,512,은평구,북한산푸르지오(녹번1-3),재개발,1230,2015-08-25,통일로 660 (녹번동 북한산푸르지오아파트),3370,,37.6059014471279,126.936049338482,H,녹번동,126.92991998280014,37.60221616097081
513,513,은평구,산새마을 두레주택,기타임대,5,2017-08-01,가좌로11나길 23(신사동 은평구 산새마을 두레주택),3439,,37.5962458737887,126.905318917808,H,신사2동,126.9082235268078,37.59023972566066
514,514,은평구,힐스테이트백련산4차,재건축,963,2017-11-13,백련산로 37(응암동 힐스테이트백련산4차아파트) ,3469,,37.589413333345206,126.92227448588999,H,응암2동,126.92307427343835,37.594614742593556
515,515,은평구,힐스테이트(녹번제1-1구역),재개발행복(리츠2호),952,2018-10-10,은평구 통일로610(녹번동21-269),3373,,37.601982445629794,126.93594782950899,H,녹번동,126.92991998280014,37.60221616097081
516,516,은평구,래미안베라힐즈아파트(녹번1-2구역),재개발행복(리츠2호),1305,2018-12-31,은평구 통일로 630(녹번동 21-134),3372,,37.6028449679876,126.93595580988199,H,녹번동,126.92991998280014,37.60221616097081
517,517,은평구,은뜨락(서울리츠1호),행복(리츠1호),350,2019-03-01,은평구 통일로 972(진관동 235-28),3311,,37.63013935779,126.91993124344101,H,진관동,126.92106591288902,37.63496688251137
518,518,은평구,응암역효성해링턴플레이스(신사19),행복(재건축),380,2019-03-01,은평구 가좌로 334(신사동 372),3437,,37.5981158955891,126.908770078234,H,신사1동,126.9117699058142,37.59779273832438
519,519,은평구,이룸채(은평준주거2),행복(리츠1호),630,2019-07-01,은평구 통일로1045(진광동 48),3312,,37.6358221607447,126.91644709894699,H,진관동,126.92106591288902,37.63496688251137
520,520,은평구,백련산 SK VIEW 아이파크아파트(응암10구역),재개발행복(리츠2호),1305,2019-08-31,은평구 응암로30길 16(응암동 417-5),3346,,37.595228565096704,126.91939457023999,H,응암2동,126.92307427343835,37.594614742593556
521,521,은평구,백련산파크자이,행복(재건축),678,2019-10-07,은평구 백련산로67(응암동626-53),3468,,37.5927972064559,126.921619781742,H,응암2동,126.92307427343835,37.594614742593556
522,522,의정부시,상계장암1단지(수락산리버시티1단지),국민장기,680,2009-09-02,누원로 51 (장암동 수락리버시티1단지),11727,,37.690556568611605,127.052264592305,H,장암동,127.05427088075734,37.72640488179476
523,523,의정부시,상계장암2단지(수락산리버시티2단지),국민장기,473,2009-09-02,누원로 52 (장암동 수락리버시티2단지),11727,,37.690712817183,127.05362660565399,H,장암동,127.05427088075734,37.72640488179476
524,524,종로구,무악현대(무악1),재개발,550,2000-02-01,통일로 246-11 (무악동 무악현대아파트),3025,,37.575096680697996,126.95912689357999,H,무악동,126.95824567734824,37.5759854736915
525,525,종로구,경희궁자이(돈의문1구역),재개발행복(리츠2호),496,2017-07-03,송월길 130(행촌동 경희궁자이 1단지),3166,,37.5722355967751,126.964496455236,H,교남동,126.96457511795607,37.5684336003478
526,526,종로구,종로구 충신동 연극인 두레주택 6호점,기타임대,4,2019-01-30,종로구?충신4길?28-3(충신동 1-198),3098,,37.575358737650205,127.00799318491501,H,종로5.6가동,127.00507129056305,37.572031975843586
527,527,종로구,종로구 충신동 연극인 두레주택 4호점,기타임대,4,2019-02-01,종로구?충신4길?31-24(충신동 1-136),3098,,37.576169348587605,127.008195115564,H,종로5.6가동,127.00507129056305,37.572031975843586
528,528,종로구,종로구 충신동 연극인 두레주택 2호점,기타임대,6,2019-01-28,종로구 충신4길 18(충신동 1-232),3098,,37.575691397492704,127.007804169811,H,종로5.6가동,127.00507129056305,37.572031975843586
529,529,종로구,종로구 충신동 연극인 두레주택 1호점,기타임대,5,2019-05-30,종로구 충신길 80-4(충신동 1-66),3098,,37.576290156957505,127.007030363634,H,종로5.6가동,127.00507129056305,37.572031975843586
530,530,종로구,종로구 충신동 연극인 두레주택 5호점,기타임대,4,2019-05-30,종로구 충신4길 31-22(충신동 1-139),3098,,37.5760703313737,127.00816510550301,H,종로5.6가동,127.00507129056305,37.572031975843586
531,531,종로구,종로구 충신동 연극인 두레주택 3호점,기타임대,3,2019-07-17,종로구 충신길 80-4(충신동 1-239),3098,,37.576290156957505,127.007030363634,H,종로5.6가동,127.00507129056305,37.572031975843586
532,532,중구,약수하이츠동아(신당4),재개발,684,1999-10-16,동호로10길 30 (신당동 약수하이츠),4593,,37.5553079245273,127.016311419431,H,청구동,127.0147173750815,37.55703138185664
533,533,중구,신당삼성(신당5),재개발,440,2000-02-01,청구로1길 23 (신당동 삼성아파트),4588,,37.5585358838305,127.01844745293,H,청구동,127.0147173750815,37.55703138185664
534,534,중구,하왕한진그랑빌(하왕1-2),재개발,116,2000-06-01,왕십리로39길 30 (신당동 한진그랑빌아파트),4580,,37.5637284114639,127.02571073946599,H,신당5동,127.02187697815722,37.565132035271894
535,535,중구,남산타운(신당3),재개발,2034,2000-08-01,다산로 32 (신당동 남산타운),4595,,37.5471667734011,127.005677166122,H,약수동,127.00900370980592,37.55243326328505
536,536,중구,중림삼성(충정삼성),재개발,355,2001-02-10,중림로4길 41 (중림동 삼성사이버빌리지),4502,,37.557052563341706,126.964843753278,H,중림동,126.9661775921768,37.559168224091685
537,537,중구,황학롯데캐슬(황학),재개발,336,2008-04-30,청계천로 400 (황학동 롯데캐슬베네치아),4572,,37.5708105464699,127.021463886656,H,황학동,127.02141131718516,37.56748552210743
538,538,중구,래미안신당하이베르(신당6),재개발,161,2011-12-26,퇴계로90길 74 (신당동 래미안신당하이베르아파트),4582,,37.56103797901321,127.020985832433,H,동화동,127.01943531068268,37.559996782171005
539,539,중구,청구e-편한세상(신당7),재개발,158,2012-01-03,청구로 64 (신당동 청구 e편한세상),4587,,37.5599601596254,127.015451019186,H,동화동,127.01943531068268,37.559996782171005
540,540,중구,만리동예술인협동조합,기타임대,29,2015-03-31,만리재로27길 69 (만리동2가),4500,,37.5541945572233,126.96208789965401,H,중림동,126.9661775921768,37.559168224091685
541,541,중구,서울역센트럴자이(만리2구역),재개발행복(리츠2호),1341,2017-11-06,만리재로 175,4500,,37.554780042051796,126.964458224138,H,중림동,126.9661775921768,37.559168224091685
542,542,중랑구,면목,영구임대,905,1991-09-30,용마산로 228 (면목동 도시개발아파트),2257,,37.5741674853751,127.088301152119,H,면목4동,127.085626342164,37.57468959990683
543,543,중랑구,신내12,영구임대,1000,1995-11-28,봉화산로 153 (상봉동 신내12단지신내아파트),2044,,37.6058186173408,127.09160976769199,H,상봉1동,127.08721335595949,37.599847752885864
544,544,중랑구,신내10,영구공공,1432,1996-03-15,신내로 115 (신내동 신내10단지아파트),2043,,37.6092975270629,127.094904201668,H,신내2동,127.09417892132915,37.606246637447555
545,545,중랑구,신내9,공공임대,335,1996-06-01,신내로 127 (신내동 신내9단지신내아파트),2026,,37.6108674372868,127.095651882252,H,신내2동,127.09417892132915,37.606246637447555
546,546,중랑구,청광플러스원,재건축,109,2007-12-28,동일로136길 15 (중화동 청광플러스원),2050,,37.602574533368504,127.08019344368401,H,중화1동,127.08067401119726,37.601171454044255
547,547,중랑구,묵동월드메르디앙,재건축,141,2009-03-31,중랑천로 316 (묵동 묵동월드메르디앙아파트),2004,,37.6132804037442,127.07333872202601,H,묵2동,127.0760215289181,37.609604203075826
548,548,중랑구,신내데시앙,국민장기,1326,2010-01-10,용마산로 669 (신내동 신내데시앙아파트),2053,,37.60976900283671,127.098976905071,H,신내1동,127.09936528756043,37.605874780994256
549,549,중랑구,묵동리본타워(묵동시프트),장기전세,86,2013-06-29,신내로 277 (묵동 묵동리본타워),2021,,37.6190336864781,127.086231060231,H,묵1동,127.07848438732296,37.612413676315946
550,550,중랑구,신내3-2(신내데시앙포레),국민장기,1896,2013-12-14,신내역로 165 (신내동 신내우디안2단지),2055,,37.616559229504105,127.109756130023,H,신내1동,127.09936528756043,37.605874780994256
551,551,중랑구,현대프레미어스엠코(상봉8),재개발,497,2014-04-15,망우로 353 (상봉동 상봉 프레미어스 엠코),2087,,37.5983328190955,127.09162414248101,H,상봉1동,127.08721335595949,37.599847752885864
552,552,중랑구,신내3-1(신내우디안1단지),국민장기,1402,2014-06-23,신내역로1길 85 (신내동 신내우디안1단지),2055,,37.6168090895238,127.106293721634,H,신내1동,127.09936528756043,37.605874780994256
553,553,중랑구,면목2코오롱하늘채,재건축,265,2015-04-03,용마산로 210 (면목동 용마산 하늘채),2256,,37.5718558136838,127.087074184814,H,면목4동,127.085626342164,37.57468959990683
554,554,중랑구,신내 의료안심주택,기타임대,222,2015-10-31,신내로16길 33 (신내동 신내동 의료안심주택),2053,,37.6141744003285,127.097663011906,H,신내1동,127.09936528756043,37.605874780994256
555,555,중랑구,우디안3(행복주택),행복(공사 건설형),50,2017-09-14,신내역로1길 142(신내동 우디안3단지),2263,,37.617662202712104,127.11035297222,H,신내1동,127.09936528756043,37.605874780994256
556,556,중랑구,e편한세상화랑대,재건축,719,2017-11-13,숙선옹주로 45(묵동 e-편한세상화랑대),2030,,37.6156214447956,127.082735516021,H,묵1동,127.07848438732296,37.612413676315946
557,557,중랑구,우디안 4단지(신내3지구 4단지),행복(공사 건설형),289,2018-09-28,중랑구 신내역로 160(신내동 신내3),2263,,37.6167551318307,127.111456996121,H,신내1동,127.09936528756043,37.605874780994256
558,558,중랑구,신내 글로리움(신내동 640),행복(공사 건설형),229,2019-10-17,중랑구 신내로 208(신내동 640),2052,,37.6170001495716,127.09311758340901,H,신내1동,127.09936528756043,37.605874780994256
